timestamp,url,title,user
2026-03-11 09:00:00,https://intra.local/news/0,Portal,ops
2026-03-11 09:00:11,https://intra.local/news/1,Portal,ops
2026-03-11 09:00:22,https://intra.local/news/2,Portal,ops
2026-03-11 09:00:33,https://intra.local/news/3,Portal,ops
2026-03-11 09:00:44,https://intra.local/news/4,Portal,ops
2026-03-11 09:00:55,https://intra.local/news/5,Portal,ops
2026-03-11 09:01:06,https://intra.local/news/6,Portal,ops
2026-03-11 09:01:17,https://intra.local/news/7,Portal,ops
2026-03-11 09:01:28,https://intra.local/news/8,Portal,ops
2026-03-11 09:01:39,https://intra.local/news/9,Portal,ops
2026-03-11 09:01:50,https://intra.local/news/10,Portal,ops
2026-03-11 09:02:01,https://intra.local/news/11,Portal,ops
2026-03-11 09:02:12,https://intra.local/news/12,Portal,ops
2026-03-11 09:02:23,https://intra.local/news/13,Portal,ops
2026-03-11 09:02:34,https://intra.local/news/14,Portal,ops
2026-03-11 09:02:45,https://intra.local/news/15,Portal,ops
2026-03-11 09:02:56,https://intra.local/news/16,Portal,ops
2026-03-11 09:03:07,https://intra.local/news/17,Portal,ops
2026-03-11 09:03:18,https://intra.local/news/18,Portal,ops
2026-03-11 09:03:29,https://intra.local/news/19,Portal,ops
2026-03-11 09:03:40,https://intra.local/news/20,Portal,ops
2026-03-11 09:03:51,https://intra.local/news/21,Portal,ops
2026-03-11 09:04:02,https://intra.local/news/22,Portal,ops
2026-03-11 09:04:13,https://intra.local/news/23,Portal,ops
2026-03-11 09:04:24,https://intra.local/news/24,Portal,ops
2026-03-11 09:04:35,https://intra.local/news/25,Portal,ops
2026-03-11 09:04:46,https://intra.local/news/26,Portal,ops
2026-03-11 09:04:57,https://intra.local/news/27,Portal,ops
2026-03-11 09:05:08,https://intra.local/news/28,Portal,ops
2026-03-11 09:05:19,https://intra.local/news/29,Portal,ops
2026-03-11 09:05:30,https://intra.local/news/30,Portal,ops
2026-03-11 09:05:41,https://intra.local/news/31,Portal,ops
2026-03-11 09:05:52,https://intra.local/news/32,Portal,ops
2026-03-11 09:06:03,https://intra.local/news/33,Portal,ops
2026-03-11 09:06:14,https://intra.local/news/34,Portal,ops
2026-03-11 09:06:25,https://intra.local/news/35,Portal,ops
2026-03-11 09:06:36,https://intra.local/news/36,Portal,ops
2026-03-11 09:06:47,https://intra.local/news/37,Portal,ops
2026-03-11 09:06:58,https://intra.local/news/38,Portal,ops
2026-03-11 09:07:09,https://intra.local/news/39,Portal,ops
2026-03-11 09:07:20,https://intra.local/news/0,Portal,ops
2026-03-11 09:07:31,https://intra.local/news/1,Portal,ops
2026-03-11 09:07:42,https://intra.local/news/2,Portal,ops
2026-03-11 09:07:53,https://intra.local/news/3,Portal,ops
2026-03-11 09:08:04,https://intra.local/news/4,Portal,ops
2026-03-11 09:08:15,https://intra.local/news/5,Portal,ops
2026-03-11 09:08:26,https://intra.local/news/6,Portal,ops
2026-03-11 09:08:37,https://intra.local/news/7,Portal,ops
2026-03-11 09:08:48,https://intra.local/news/8,Portal,ops
2026-03-11 09:08:59,https://intra.local/news/9,Portal,ops
2026-03-11 09:09:10,https://intra.local/news/10,Portal,ops
2026-03-11 09:09:21,https://intra.local/news/11,Portal,ops
2026-03-11 09:09:32,https://intra.local/news/12,Portal,ops
2026-03-11 09:09:43,https://intra.local/news/13,Portal,ops
2026-03-11 09:09:54,https://intra.local/news/14,Portal,ops
2026-03-11 09:10:05,https://intra.local/news/15,Portal,ops
2026-03-11 09:10:16,https://intra.local/news/16,Portal,ops
2026-03-11 09:10:27,https://intra.local/news/17,Portal,ops
2026-03-11 09:10:38,https://intra.local/news/18,Portal,ops
2026-03-11 09:10:49,https://intra.local/news/19,Portal,ops
2026-03-11 09:11:00,https://intra.local/news/20,Portal,ops
2026-03-11 09:11:11,https://intra.local/news/21,Portal,ops
2026-03-11 09:11:22,https://intra.local/news/22,Portal,ops
2026-03-11 09:11:33,https://intra.local/news/23,Portal,ops
2026-03-11 09:11:44,https://intra.local/news/24,Portal,ops
2026-03-11 09:11:55,https://intra.local/news/25,Portal,ops
2026-03-11 09:12:06,https://intra.local/news/26,Portal,ops
2026-03-11 09:12:17,https://intra.local/news/27,Portal,ops
2026-03-11 09:12:28,https://intra.local/news/28,Portal,ops
2026-03-11 09:12:39,https://intra.local/news/29,Portal,ops
2026-03-11 09:12:50,https://intra.local/news/30,Portal,ops
2026-03-11 09:13:01,https://intra.local/news/31,Portal,ops
2026-03-11 09:13:12,https://intra.local/news/32,Portal,ops
2026-03-11 09:13:23,https://intra.local/news/33,Portal,ops
2026-03-11 09:13:34,https://intra.local/news/34,Portal,ops
2026-03-11 09:13:45,https://intra.local/news/35,Portal,ops
2026-03-11 09:13:56,https://intra.local/news/36,Portal,ops
2026-03-11 09:14:07,https://intra.local/news/37,Portal,ops
2026-03-11 09:14:18,https://intra.local/news/38,Portal,ops
2026-03-11 09:14:29,https://intra.local/news/39,Portal,ops
2026-03-11 09:14:40,https://intra.local/news/0,Portal,ops
2026-03-11 09:14:51,https://intra.local/news/1,Portal,ops
2026-03-11 09:15:02,https://intra.local/news/2,Portal,ops
2026-03-11 09:15:13,https://intra.local/news/3,Portal,ops
2026-03-11 09:15:24,https://intra.local/news/4,Portal,ops
2026-03-11 09:15:35,https://intra.local/news/5,Portal,ops
2026-03-11 09:15:46,https://intra.local/news/6,Portal,ops
2026-03-11 09:15:57,https://intra.local/news/7,Portal,ops
2026-03-11 09:16:08,https://intra.local/news/8,Portal,ops
2026-03-11 09:16:19,https://intra.local/news/9,Portal,ops
2026-03-11 09:16:30,https://intra.local/news/10,Portal,ops
2026-03-11 09:16:41,https://intra.local/news/11,Portal,ops
2026-03-11 09:16:52,https://intra.local/news/12,Portal,ops
2026-03-11 09:17:03,https://intra.local/news/13,Portal,ops
2026-03-11 09:17:14,https://intra.local/news/14,Portal,ops
2026-03-11 09:17:25,https://intra.local/news/15,Portal,ops
2026-03-11 09:17:36,https://intra.local/news/16,Portal,ops
2026-03-11 09:17:47,https://intra.local/news/17,Portal,ops
2026-03-11 09:17:58,https://intra.local/news/18,Portal,ops
2026-03-11 09:18:09,https://intra.local/news/19,Portal,ops
2026-03-11 09:18:20,https://intra.local/news/20,Portal,ops
2026-03-11 09:18:31,https://intra.local/news/21,Portal,ops
2026-03-11 09:18:42,https://intra.local/news/22,Portal,ops
2026-03-11 09:18:53,https://intra.local/news/23,Portal,ops
2026-03-11 09:19:04,https://intra.local/news/24,Portal,ops
2026-03-11 09:19:15,https://intra.local/news/25,Portal,ops
2026-03-11 09:19:26,https://intra.local/news/26,Portal,ops
2026-03-11 09:19:37,https://intra.local/news/27,Portal,ops
2026-03-11 09:19:48,https://intra.local/news/28,Portal,ops
2026-03-11 09:19:59,https://intra.local/news/29,Portal,ops
2026-03-11 09:20:10,https://intra.local/news/30,Portal,ops
2026-03-11 09:20:21,https://intra.local/news/31,Portal,ops
2026-03-11 09:20:32,https://intra.local/news/32,Portal,ops
2026-03-11 09:20:43,https://intra.local/news/33,Portal,ops
2026-03-11 09:20:54,https://intra.local/news/34,Portal,ops
2026-03-11 09:21:05,https://intra.local/news/35,Portal,ops
2026-03-11 09:21:16,https://intra.local/news/36,Portal,ops
2026-03-11 09:21:27,https://intra.local/news/37,Portal,ops
2026-03-11 09:21:38,https://intra.local/news/38,Portal,ops
2026-03-11 09:21:49,https://intra.local/news/39,Portal,ops
2026-03-11 09:22:00,https://intra.local/news/0,Portal,ops
2026-03-11 09:22:11,https://intra.local/news/1,Portal,ops
2026-03-11 09:22:22,https://intra.local/news/2,Portal,ops
2026-03-11 09:22:33,https://intra.local/news/3,Portal,ops
2026-03-11 09:22:44,https://intra.local/news/4,Portal,ops
2026-03-11 09:22:55,https://intra.local/news/5,Portal,ops
2026-03-11 09:23:06,https://intra.local/news/6,Portal,ops
2026-03-11 09:23:17,https://intra.local/news/7,Portal,ops
2026-03-11 09:23:28,https://intra.local/news/8,Portal,ops
2026-03-11 09:23:39,https://intra.local/news/9,Portal,ops
2026-03-11 09:23:50,https://intra.local/news/10,Portal,ops
2026-03-11 09:24:01,https://intra.local/news/11,Portal,ops
2026-03-11 09:24:12,https://intra.local/news/12,Portal,ops
2026-03-11 09:24:23,https://intra.local/news/13,Portal,ops
2026-03-11 09:24:34,https://intra.local/news/14,Portal,ops
2026-03-11 09:24:45,https://intra.local/news/15,Portal,ops
2026-03-11 09:24:56,https://intra.local/news/16,Portal,ops
2026-03-11 09:25:07,https://intra.local/news/17,Portal,ops
2026-03-11 09:25:18,https://intra.local/news/18,Portal,ops
2026-03-11 09:25:29,https://intra.local/news/19,Portal,ops
2026-03-11 09:25:40,https://intra.local/news/20,Portal,ops
2026-03-11 09:25:51,https://intra.local/news/21,Portal,ops
2026-03-11 09:26:02,https://intra.local/news/22,Portal,ops
2026-03-11 09:26:13,https://intra.local/news/23,Portal,ops
2026-03-11 09:26:24,https://intra.local/news/24,Portal,ops
2026-03-11 09:26:35,https://intra.local/news/25,Portal,ops
2026-03-11 09:26:46,https://intra.local/news/26,Portal,ops
2026-03-11 09:26:57,https://intra.local/news/27,Portal,ops
2026-03-11 09:27:08,https://intra.local/news/28,Portal,ops
2026-03-11 09:27:19,https://intra.local/news/29,Portal,ops
2026-03-11 09:27:30,https://intra.local/news/30,Portal,ops
2026-03-11 09:27:41,https://intra.local/news/31,Portal,ops
2026-03-11 09:27:52,https://intra.local/news/32,Portal,ops
2026-03-11 09:28:03,https://intra.local/news/33,Portal,ops
2026-03-11 09:28:14,https://intra.local/news/34,Portal,ops
2026-03-11 09:28:25,https://intra.local/news/35,Portal,ops
2026-03-11 09:28:36,https://intra.local/news/36,Portal,ops
2026-03-11 09:28:47,https://intra.local/news/37,Portal,ops
2026-03-11 09:28:58,https://intra.local/news/38,Portal,ops
2026-03-11 09:29:09,https://intra.local/news/39,Portal,ops
2026-03-11 09:29:20,https://intra.local/news/0,Portal,ops
2026-03-11 09:29:31,https://intra.local/news/1,Portal,ops
2026-03-11 09:29:42,https://intra.local/news/2,Portal,ops
2026-03-11 09:29:53,https://intra.local/news/3,Portal,ops
2026-03-11 09:30:04,https://intra.local/news/4,Portal,ops
2026-03-11 09:30:15,https://intra.local/news/5,Portal,ops
2026-03-11 09:30:26,https://intra.local/news/6,Portal,ops
2026-03-11 09:30:37,https://intra.local/news/7,Portal,ops
2026-03-11 09:30:48,https://intra.local/news/8,Portal,ops
2026-03-11 09:30:59,https://intra.local/news/9,Portal,ops
2026-03-11 09:31:10,https://intra.local/news/10,Portal,ops
2026-03-11 09:31:21,https://intra.local/news/11,Portal,ops
2026-03-11 09:31:32,https://intra.local/news/12,Portal,ops
2026-03-11 09:31:43,https://intra.local/news/13,Portal,ops
2026-03-11 09:31:54,https://intra.local/news/14,Portal,ops
2026-03-11 09:32:05,https://intra.local/news/15,Portal,ops
2026-03-11 09:32:16,https://intra.local/news/16,Portal,ops
2026-03-11 09:32:27,https://intra.local/news/17,Portal,ops
2026-03-11 09:32:38,https://intra.local/news/18,Portal,ops
2026-03-11 09:32:49,https://intra.local/news/19,Portal,ops
2026-03-11 09:33:00,https://intra.local/news/20,Portal,ops
2026-03-11 09:33:11,https://intra.local/news/21,Portal,ops
2026-03-11 09:33:22,https://intra.local/news/22,Portal,ops
2026-03-11 09:33:33,https://intra.local/news/23,Portal,ops
2026-03-11 09:33:44,https://intra.local/news/24,Portal,ops
2026-03-11 09:33:55,https://intra.local/news/25,Portal,ops
2026-03-11 09:34:06,https://intra.local/news/26,Portal,ops
2026-03-11 09:34:17,https://intra.local/news/27,Portal,ops
2026-03-11 09:34:28,https://intra.local/news/28,Portal,ops
2026-03-11 09:34:39,https://intra.local/news/29,Portal,ops
2026-03-11 09:34:50,https://intra.local/news/30,Portal,ops
2026-03-11 09:35:01,https://intra.local/news/31,Portal,ops
2026-03-11 09:35:12,https://intra.local/news/32,Portal,ops
2026-03-11 09:35:23,https://intra.local/news/33,Portal,ops
2026-03-11 09:35:34,https://intra.local/news/34,Portal,ops
2026-03-11 09:35:45,https://intra.local/news/35,Portal,ops
2026-03-11 09:35:56,https://intra.local/news/36,Portal,ops
2026-03-11 09:36:07,https://intra.local/news/37,Portal,ops
2026-03-11 09:36:18,https://intra.local/news/38,Portal,ops
2026-03-11 09:36:29,https://intra.local/news/39,Portal,ops
2026-03-11 09:36:40,https://intra.local/news/0,Portal,ops
2026-03-11 09:36:51,https://intra.local/news/1,Portal,ops
2026-03-11 09:37:02,https://intra.local/news/2,Portal,ops
2026-03-11 09:37:13,https://intra.local/news/3,Portal,ops
2026-03-11 09:37:24,https://intra.local/news/4,Portal,ops
2026-03-11 09:37:35,https://intra.local/news/5,Portal,ops
2026-03-11 09:37:46,https://intra.local/news/6,Portal,ops
2026-03-11 09:37:57,https://intra.local/news/7,Portal,ops
2026-03-11 09:38:08,https://intra.local/news/8,Portal,ops
2026-03-11 09:38:19,https://intra.local/news/9,Portal,ops
2026-03-11 09:38:30,https://intra.local/news/10,Portal,ops
2026-03-11 09:38:41,https://intra.local/news/11,Portal,ops
2026-03-11 09:38:52,https://intra.local/news/12,Portal,ops
2026-03-11 09:39:03,https://intra.local/news/13,Portal,ops
2026-03-11 09:39:14,https://intra.local/news/14,Portal,ops
2026-03-11 09:39:25,https://intra.local/news/15,Portal,ops
2026-03-11 09:39:36,https://intra.local/news/16,Portal,ops
2026-03-11 09:39:47,https://intra.local/news/17,Portal,ops
2026-03-11 09:39:58,https://intra.local/news/18,Portal,ops
2026-03-11 09:40:09,https://intra.local/news/19,Portal,ops
2026-03-11 09:40:20,https://intra.local/news/20,Portal,ops
2026-03-11 09:40:31,https://intra.local/news/21,Portal,ops
2026-03-11 09:40:42,https://intra.local/news/22,Portal,ops
2026-03-11 09:40:53,https://intra.local/news/23,Portal,ops
2026-03-11 09:41:04,https://intra.local/news/24,Portal,ops
2026-03-11 09:41:15,https://intra.local/news/25,Portal,ops
2026-03-11 09:41:26,https://intra.local/news/26,Portal,ops
2026-03-11 09:41:37,https://intra.local/news/27,Portal,ops
2026-03-11 09:41:48,https://intra.local/news/28,Portal,ops
2026-03-11 09:41:59,https://intra.local/news/29,Portal,ops
2026-03-11 09:42:10,https://intra.local/news/30,Portal,ops
2026-03-11 09:42:21,https://intra.local/news/31,Portal,ops
2026-03-11 09:42:32,https://intra.local/news/32,Portal,ops
2026-03-11 09:42:43,https://intra.local/news/33,Portal,ops
2026-03-11 09:42:54,https://intra.local/news/34,Portal,ops
2026-03-11 09:43:05,https://intra.local/news/35,Portal,ops
2026-03-11 09:43:16,https://intra.local/news/36,Portal,ops
2026-03-11 09:43:27,https://intra.local/news/37,Portal,ops
2026-03-11 09:43:38,https://intra.local/news/38,Portal,ops
2026-03-11 09:43:49,https://intra.local/news/39,Portal,ops
2026-03-11 09:44:00,https://intra.local/news/0,Portal,ops
2026-03-11 09:44:11,https://intra.local/news/1,Portal,ops
2026-03-11 09:44:22,https://intra.local/news/2,Portal,ops
2026-03-11 09:44:33,https://intra.local/news/3,Portal,ops
2026-03-11 09:44:44,https://intra.local/news/4,Portal,ops
2026-03-11 09:44:55,https://intra.local/news/5,Portal,ops
2026-03-11 09:45:06,https://intra.local/news/6,Portal,ops
2026-03-11 09:45:17,https://intra.local/news/7,Portal,ops
2026-03-11 09:45:28,https://intra.local/news/8,Portal,ops
2026-03-11 09:45:39,https://intra.local/news/9,Portal,ops
2026-03-11 09:45:50,https://intra.local/news/10,Portal,ops
2026-03-11 09:46:01,https://intra.local/news/11,Portal,ops
2026-03-11 09:46:12,https://intra.local/news/12,Portal,ops
2026-03-11 09:46:23,https://intra.local/news/13,Portal,ops
2026-03-11 09:46:34,https://intra.local/news/14,Portal,ops
2026-03-11 09:46:45,https://intra.local/news/15,Portal,ops
2026-03-11 09:46:56,https://intra.local/news/16,Portal,ops
2026-03-11 09:47:07,https://intra.local/news/17,Portal,ops
2026-03-11 09:47:18,https://intra.local/news/18,Portal,ops
2026-03-11 09:47:29,https://intra.local/news/19,Portal,ops
2026-03-11 09:47:40,https://intra.local/news/20,Portal,ops
2026-03-11 09:47:51,https://intra.local/news/21,Portal,ops
2026-03-11 09:48:02,https://intra.local/news/22,Portal,ops
2026-03-11 09:48:13,https://intra.local/news/23,Portal,ops
2026-03-11 09:48:24,https://intra.local/news/24,Portal,ops
2026-03-11 09:48:35,https://intra.local/news/25,Portal,ops
2026-03-11 09:48:46,https://intra.local/news/26,Portal,ops
2026-03-11 09:48:57,https://intra.local/news/27,Portal,ops
2026-03-11 09:49:08,https://intra.local/news/28,Portal,ops
2026-03-11 09:49:19,https://intra.local/news/29,Portal,ops
2026-03-11 09:49:30,https://intra.local/news/30,Portal,ops
2026-03-11 09:49:41,https://intra.local/news/31,Portal,ops
2026-03-11 09:49:52,https://intra.local/news/32,Portal,ops
2026-03-11 09:50:03,https://intra.local/news/33,Portal,ops
2026-03-11 09:50:14,https://intra.local/news/34,Portal,ops
2026-03-11 09:50:25,https://intra.local/news/35,Portal,ops
2026-03-11 09:50:36,https://intra.local/news/36,Portal,ops
2026-03-11 09:50:47,https://intra.local/news/37,Portal,ops
2026-03-11 09:50:58,https://intra.local/news/38,Portal,ops
2026-03-11 09:51:09,https://intra.local/news/39,Portal,ops
2026-03-11 09:51:20,https://intra.local/news/0,Portal,ops
2026-03-11 09:51:31,https://intra.local/news/1,Portal,ops
2026-03-11 09:51:42,https://intra.local/news/2,Portal,ops
2026-03-11 09:51:53,https://intra.local/news/3,Portal,ops
2026-03-11 09:52:04,https://intra.local/news/4,Portal,ops
2026-03-11 09:52:15,https://intra.local/news/5,Portal,ops
2026-03-11 09:52:26,https://intra.local/news/6,Portal,ops
2026-03-11 09:52:37,https://intra.local/news/7,Portal,ops
2026-03-11 09:52:48,https://intra.local/news/8,Portal,ops
2026-03-11 09:52:59,https://intra.local/news/9,Portal,ops
2026-03-11 09:53:10,https://intra.local/news/10,Portal,ops
2026-03-11 09:53:21,https://intra.local/news/11,Portal,ops
2026-03-11 09:53:32,https://intra.local/news/12,Portal,ops
2026-03-11 09:53:43,https://intra.local/news/13,Portal,ops
2026-03-11 09:53:54,https://intra.local/news/14,Portal,ops
2026-03-11 09:54:05,https://intra.local/news/15,Portal,ops
2026-03-11 09:54:16,https://intra.local/news/16,Portal,ops
2026-03-11 09:54:27,https://intra.local/news/17,Portal,ops
2026-03-11 09:54:38,https://intra.local/news/18,Portal,ops
2026-03-11 09:54:49,https://intra.local/news/19,Portal,ops
2026-03-11 09:55:00,https://intra.local/news/20,Portal,ops
2026-03-11 09:55:11,https://intra.local/news/21,Portal,ops
2026-03-11 09:55:22,https://intra.local/news/22,Portal,ops
2026-03-11 09:55:33,https://intra.local/news/23,Portal,ops
2026-03-11 09:55:44,https://intra.local/news/24,Portal,ops
2026-03-11 09:55:55,https://intra.local/news/25,Portal,ops
2026-03-11 09:56:06,https://intra.local/news/26,Portal,ops
2026-03-11 09:56:17,https://intra.local/news/27,Portal,ops
2026-03-11 09:56:28,https://intra.local/news/28,Portal,ops
2026-03-11 09:56:39,https://intra.local/news/29,Portal,ops
2026-03-11 09:56:50,https://intra.local/news/30,Portal,ops
2026-03-11 09:57:01,https://intra.local/news/31,Portal,ops
2026-03-11 09:57:12,https://intra.local/news/32,Portal,ops
2026-03-11 09:57:23,https://intra.local/news/33,Portal,ops
2026-03-11 09:57:34,https://intra.local/news/34,Portal,ops
2026-03-11 09:57:45,https://intra.local/news/35,Portal,ops
2026-03-11 09:57:56,https://intra.local/news/36,Portal,ops
2026-03-11 09:58:07,https://intra.local/news/37,Portal,ops
2026-03-11 09:58:18,https://intra.local/news/38,Portal,ops
2026-03-11 09:58:29,https://intra.local/news/39,Portal,ops
2026-03-11 09:58:40,https://intra.local/news/0,Portal,ops
2026-03-11 09:58:51,https://intra.local/news/1,Portal,ops
2026-03-11 09:59:02,https://intra.local/news/2,Portal,ops
2026-03-11 09:59:13,https://intra.local/news/3,Portal,ops
2026-03-11 09:59:24,https://intra.local/news/4,Portal,ops
2026-03-11 09:59:35,https://intra.local/news/5,Portal,ops
2026-03-11 09:59:46,https://intra.local/news/6,Portal,ops
2026-03-11 09:59:57,https://intra.local/news/7,Portal,ops
2026-03-11 10:00:08,https://intra.local/news/8,Portal,ops
2026-03-11 10:00:19,https://intra.local/news/9,Portal,ops
2026-03-11 10:00:30,https://intra.local/news/10,Portal,ops
2026-03-11 10:00:41,https://intra.local/news/11,Portal,ops
2026-03-11 10:00:52,https://intra.local/news/12,Portal,ops
2026-03-11 10:01:03,https://intra.local/news/13,Portal,ops
2026-03-11 10:01:14,https://intra.local/news/14,Portal,ops
2026-03-11 10:01:25,https://intra.local/news/15,Portal,ops
2026-03-11 10:01:36,https://intra.local/news/16,Portal,ops
2026-03-11 10:01:47,https://intra.local/news/17,Portal,ops
2026-03-11 10:01:58,https://intra.local/news/18,Portal,ops
2026-03-11 10:02:09,https://intra.local/news/19,Portal,ops
2026-03-11 10:02:20,https://intra.local/news/20,Portal,ops
2026-03-11 10:02:31,https://intra.local/news/21,Portal,ops
2026-03-11 10:02:42,https://intra.local/news/22,Portal,ops
2026-03-11 10:02:53,https://intra.local/news/23,Portal,ops
2026-03-11 10:03:04,https://intra.local/news/24,Portal,ops
2026-03-11 10:03:15,https://intra.local/news/25,Portal,ops
2026-03-11 10:03:26,https://intra.local/news/26,Portal,ops
2026-03-11 10:03:37,https://intra.local/news/27,Portal,ops
2026-03-11 10:03:48,https://intra.local/news/28,Portal,ops
2026-03-11 10:03:59,https://intra.local/news/29,Portal,ops
2026-03-11 10:04:10,https://intra.local/news/30,Portal,ops
2026-03-11 10:04:21,https://intra.local/news/31,Portal,ops
2026-03-11 10:04:32,https://intra.local/news/32,Portal,ops
2026-03-11 10:04:43,https://intra.local/news/33,Portal,ops
2026-03-11 10:04:54,https://intra.local/news/34,Portal,ops
2026-03-11 10:05:05,https://intra.local/news/35,Portal,ops
2026-03-11 10:05:16,https://intra.local/news/36,Portal,ops
2026-03-11 10:05:27,https://intra.local/news/37,Portal,ops
2026-03-11 10:05:38,https://intra.local/news/38,Portal,ops
2026-03-11 10:05:49,https://intra.local/news/39,Portal,ops
2026-03-11 10:06:00,https://intra.local/news/0,Portal,ops
2026-03-11 10:06:11,https://intra.local/news/1,Portal,ops
2026-03-11 10:06:22,https://intra.local/news/2,Portal,ops
2026-03-11 10:06:33,https://intra.local/news/3,Portal,ops
2026-03-11 10:06:44,https://intra.local/news/4,Portal,ops
2026-03-11 10:06:55,https://intra.local/news/5,Portal,ops
2026-03-11 10:07:06,https://intra.local/news/6,Portal,ops
2026-03-11 10:07:17,https://intra.local/news/7,Portal,ops
2026-03-11 10:07:28,https://intra.local/news/8,Portal,ops
2026-03-11 10:07:39,https://intra.local/news/9,Portal,ops
2026-03-11 10:07:50,https://intra.local/news/10,Portal,ops
2026-03-11 10:08:01,https://intra.local/news/11,Portal,ops
2026-03-11 10:08:12,https://intra.local/news/12,Portal,ops
2026-03-11 10:08:23,https://intra.local/news/13,Portal,ops
2026-03-11 10:08:34,https://intra.local/news/14,Portal,ops
2026-03-11 10:08:45,https://intra.local/news/15,Portal,ops
2026-03-11 10:08:56,https://intra.local/news/16,Portal,ops
2026-03-11 10:09:07,https://intra.local/news/17,Portal,ops
2026-03-11 10:09:18,https://intra.local/news/18,Portal,ops
2026-03-11 10:09:29,https://intra.local/news/19,Portal,ops
2026-03-11 10:09:40,https://intra.local/news/20,Portal,ops
2026-03-11 10:09:51,https://intra.local/news/21,Portal,ops
2026-03-11 10:10:02,https://intra.local/news/22,Portal,ops
2026-03-11 10:10:13,https://intra.local/news/23,Portal,ops
2026-03-11 10:10:24,https://intra.local/news/24,Portal,ops
2026-03-11 10:10:35,https://intra.local/news/25,Portal,ops
2026-03-11 10:10:46,https://intra.local/news/26,Portal,ops
2026-03-11 10:10:57,https://intra.local/news/27,Portal,ops
2026-03-11 10:11:08,https://intra.local/news/28,Portal,ops
2026-03-11 10:11:19,https://intra.local/news/29,Portal,ops
2026-03-11 10:11:30,https://intra.local/news/30,Portal,ops
2026-03-11 10:11:41,https://intra.local/news/31,Portal,ops
2026-03-11 10:11:52,https://intra.local/news/32,Portal,ops
2026-03-11 10:12:03,https://intra.local/news/33,Portal,ops
2026-03-11 10:12:14,https://intra.local/news/34,Portal,ops
2026-03-11 10:12:25,https://intra.local/news/35,Portal,ops
2026-03-11 10:12:36,https://intra.local/news/36,Portal,ops
2026-03-11 10:12:47,https://intra.local/news/37,Portal,ops
2026-03-11 10:12:58,https://intra.local/news/38,Portal,ops
2026-03-11 10:13:09,https://intra.local/news/39,Portal,ops
2026-03-11 10:13:20,https://intra.local/news/0,Portal,ops
2026-03-11 10:13:31,https://intra.local/news/1,Portal,ops
2026-03-11 10:13:42,https://intra.local/news/2,Portal,ops
2026-03-11 10:13:53,https://intra.local/news/3,Portal,ops
2026-03-11 10:14:04,https://intra.local/news/4,Portal,ops
2026-03-11 10:14:15,https://intra.local/news/5,Portal,ops
2026-03-11 10:14:26,https://intra.local/news/6,Portal,ops
2026-03-11 10:14:37,https://intra.local/news/7,Portal,ops
2026-03-11 10:14:48,https://intra.local/news/8,Portal,ops
2026-03-11 10:14:59,https://intra.local/news/9,Portal,ops
2026-03-11 10:15:10,https://intra.local/news/10,Portal,ops
2026-03-11 10:15:21,https://intra.local/news/11,Portal,ops
2026-03-11 10:15:32,https://intra.local/news/12,Portal,ops
2026-03-11 10:15:43,https://intra.local/news/13,Portal,ops
2026-03-11 10:15:54,https://intra.local/news/14,Portal,ops
2026-03-11 10:16:05,https://intra.local/news/15,Portal,ops
2026-03-11 10:16:16,https://intra.local/news/16,Portal,ops
2026-03-11 10:16:27,https://intra.local/news/17,Portal,ops
2026-03-11 10:16:38,https://intra.local/news/18,Portal,ops
2026-03-11 10:16:49,https://intra.local/news/19,Portal,ops
2026-03-11 10:17:00,https://intra.local/news/20,Portal,ops
2026-03-11 10:17:11,https://intra.local/news/21,Portal,ops
2026-03-11 10:17:22,https://intra.local/news/22,Portal,ops
2026-03-11 10:17:33,https://intra.local/news/23,Portal,ops
2026-03-11 10:17:44,https://intra.local/news/24,Portal,ops
2026-03-11 10:17:55,https://intra.local/news/25,Portal,ops
2026-03-11 10:18:06,https://intra.local/news/26,Portal,ops
2026-03-11 10:18:17,https://intra.local/news/27,Portal,ops
2026-03-11 10:18:28,https://intra.local/news/28,Portal,ops
2026-03-11 10:18:39,https://intra.local/news/29,Portal,ops
2026-03-11 10:18:50,https://intra.local/news/30,Portal,ops
2026-03-11 10:19:01,https://intra.local/news/31,Portal,ops
2026-03-11 10:19:12,https://intra.local/news/32,Portal,ops
2026-03-11 10:19:23,https://intra.local/news/33,Portal,ops
2026-03-11 10:19:34,https://intra.local/news/34,Portal,ops
2026-03-11 10:19:45,https://intra.local/news/35,Portal,ops
2026-03-11 10:19:56,https://intra.local/news/36,Portal,ops
2026-03-11 10:20:07,https://intra.local/news/37,Portal,ops
2026-03-11 10:20:18,https://intra.local/news/38,Portal,ops
2026-03-11 10:20:29,https://intra.local/news/39,Portal,ops
2026-03-11 10:20:40,https://intra.local/news/0,Portal,ops
2026-03-11 10:20:51,https://intra.local/news/1,Portal,ops
2026-03-11 10:21:02,https://intra.local/news/2,Portal,ops
2026-03-11 10:21:13,https://intra.local/news/3,Portal,ops
2026-03-11 10:21:24,https://intra.local/news/4,Portal,ops
2026-03-11 10:21:35,https://intra.local/news/5,Portal,ops
2026-03-11 10:21:46,https://intra.local/news/6,Portal,ops
2026-03-11 10:21:57,https://intra.local/news/7,Portal,ops
2026-03-11 10:22:08,https://intra.local/news/8,Portal,ops
2026-03-11 10:22:19,https://intra.local/news/9,Portal,ops
2026-03-11 10:22:30,https://intra.local/news/10,Portal,ops
2026-03-11 10:22:41,https://intra.local/news/11,Portal,ops
2026-03-11 10:22:52,https://intra.local/news/12,Portal,ops
2026-03-11 10:23:03,https://intra.local/news/13,Portal,ops
2026-03-11 10:23:14,https://intra.local/news/14,Portal,ops
2026-03-11 10:23:25,https://intra.local/news/15,Portal,ops
2026-03-11 10:23:36,https://intra.local/news/16,Portal,ops
2026-03-11 10:23:47,https://intra.local/news/17,Portal,ops
2026-03-11 10:23:58,https://intra.local/news/18,Portal,ops
2026-03-11 10:24:09,https://intra.local/news/19,Portal,ops
2026-03-11 10:24:20,https://intra.local/news/20,Portal,ops
2026-03-11 10:24:31,https://intra.local/news/21,Portal,ops
2026-03-11 10:24:42,https://intra.local/news/22,Portal,ops
2026-03-11 10:24:53,https://intra.local/news/23,Portal,ops
2026-03-11 10:25:04,https://intra.local/news/24,Portal,ops
2026-03-11 10:25:15,https://intra.local/news/25,Portal,ops
2026-03-11 10:25:26,https://intra.local/news/26,Portal,ops
2026-03-11 10:25:37,https://intra.local/news/27,Portal,ops
2026-03-11 10:25:48,https://intra.local/news/28,Portal,ops
2026-03-11 10:25:59,https://intra.local/news/29,Portal,ops
2026-03-11 10:26:10,https://intra.local/news/30,Portal,ops
2026-03-11 10:26:21,https://intra.local/news/31,Portal,ops
2026-03-11 10:26:32,https://intra.local/news/32,Portal,ops
2026-03-11 10:26:43,https://intra.local/news/33,Portal,ops
2026-03-11 10:26:54,https://intra.local/news/34,Portal,ops
2026-03-11 10:27:05,https://intra.local/news/35,Portal,ops
2026-03-11 10:27:16,https://intra.local/news/36,Portal,ops
2026-03-11 10:27:27,https://intra.local/news/37,Portal,ops
2026-03-11 10:27:38,https://intra.local/news/38,Portal,ops
2026-03-11 10:27:49,https://intra.local/news/39,Portal,ops
2026-03-11 10:28:00,https://intra.local/news/0,Portal,ops
2026-03-11 10:28:11,https://intra.local/news/1,Portal,ops
2026-03-11 10:28:22,https://intra.local/news/2,Portal,ops
2026-03-11 10:28:33,https://intra.local/news/3,Portal,ops
2026-03-11 10:28:44,https://intra.local/news/4,Portal,ops
2026-03-11 10:28:55,https://intra.local/news/5,Portal,ops
2026-03-11 10:29:06,https://intra.local/news/6,Portal,ops
2026-03-11 10:29:17,https://intra.local/news/7,Portal,ops
2026-03-11 10:29:28,https://intra.local/news/8,Portal,ops
2026-03-11 10:29:39,https://intra.local/news/9,Portal,ops
2026-03-11 10:29:50,https://intra.local/news/10,Portal,ops
2026-03-11 10:30:01,https://intra.local/news/11,Portal,ops
2026-03-11 10:30:12,https://intra.local/news/12,Portal,ops
2026-03-11 10:30:23,https://intra.local/news/13,Portal,ops
2026-03-11 10:30:34,https://intra.local/news/14,Portal,ops
2026-03-11 10:30:45,https://intra.local/news/15,Portal,ops
2026-03-11 10:30:56,https://intra.local/news/16,Portal,ops
2026-03-11 10:31:07,https://intra.local/news/17,Portal,ops
2026-03-11 10:31:18,https://intra.local/news/18,Portal,ops
2026-03-11 10:31:29,https://intra.local/news/19,Portal,ops
2026-03-11 10:31:40,https://intra.local/news/20,Portal,ops
2026-03-11 10:31:51,https://intra.local/news/21,Portal,ops
2026-03-11 10:32:02,https://intra.local/news/22,Portal,ops
2026-03-11 10:32:13,https://intra.local/news/23,Portal,ops
2026-03-11 10:32:24,https://intra.local/news/24,Portal,ops
2026-03-11 10:32:35,https://intra.local/news/25,Portal,ops
2026-03-11 10:32:46,https://intra.local/news/26,Portal,ops
2026-03-11 10:32:57,https://intra.local/news/27,Portal,ops
2026-03-11 10:33:08,https://intra.local/news/28,Portal,ops
2026-03-11 10:33:19,https://intra.local/news/29,Portal,ops
2026-03-11 10:33:30,https://intra.local/news/30,Portal,ops
2026-03-11 10:33:41,https://intra.local/news/31,Portal,ops
2026-03-11 10:33:52,https://intra.local/news/32,Portal,ops
2026-03-11 10:34:03,https://intra.local/news/33,Portal,ops
2026-03-11 10:34:14,https://intra.local/news/34,Portal,ops
2026-03-11 10:34:25,https://intra.local/news/35,Portal,ops
2026-03-11 10:34:36,https://intra.local/news/36,Portal,ops
2026-03-11 10:34:47,https://intra.local/news/37,Portal,ops
2026-03-11 10:34:58,https://intra.local/news/38,Portal,ops
2026-03-11 10:35:09,https://intra.local/news/39,Portal,ops
2026-03-11 10:35:20,https://intra.local/news/0,Portal,ops
2026-03-11 10:35:31,https://intra.local/news/1,Portal,ops
2026-03-11 10:35:42,https://intra.local/news/2,Portal,ops
2026-03-11 10:35:53,https://intra.local/news/3,Portal,ops
2026-03-11 10:36:04,https://intra.local/news/4,Portal,ops
2026-03-11 10:36:15,https://intra.local/news/5,Portal,ops
2026-03-11 10:36:26,https://intra.local/news/6,Portal,ops
2026-03-11 10:36:37,https://intra.local/news/7,Portal,ops
2026-03-11 10:36:48,https://intra.local/news/8,Portal,ops
2026-03-11 10:36:59,https://intra.local/news/9,Portal,ops
2026-03-11 10:37:10,https://intra.local/news/10,Portal,ops
2026-03-11 10:37:21,https://intra.local/news/11,Portal,ops
2026-03-11 10:37:32,https://intra.local/news/12,Portal,ops
2026-03-11 10:37:43,https://intra.local/news/13,Portal,ops
2026-03-11 10:37:54,https://intra.local/news/14,Portal,ops
2026-03-11 10:38:05,https://intra.local/news/15,Portal,ops
2026-03-11 10:38:16,https://intra.local/news/16,Portal,ops
2026-03-11 10:38:27,https://intra.local/news/17,Portal,ops
2026-03-11 10:38:38,https://intra.local/news/18,Portal,ops
2026-03-11 10:38:49,https://intra.local/news/19,Portal,ops
2026-03-11 10:39:00,https://intra.local/news/20,Portal,ops
2026-03-11 10:39:11,https://intra.local/news/21,Portal,ops
2026-03-11 10:39:22,https://intra.local/news/22,Portal,ops
2026-03-11 10:39:33,https://intra.local/news/23,Portal,ops
2026-03-11 10:39:44,https://intra.local/news/24,Portal,ops
2026-03-11 10:39:55,https://intra.local/news/25,Portal,ops
2026-03-11 10:40:06,https://intra.local/news/26,Portal,ops
2026-03-11 10:40:17,https://intra.local/news/27,Portal,ops
2026-03-11 10:40:28,https://intra.local/news/28,Portal,ops
2026-03-11 10:40:39,https://intra.local/news/29,Portal,ops
2026-03-11 10:40:50,https://intra.local/news/30,Portal,ops
2026-03-11 10:41:01,https://intra.local/news/31,Portal,ops
2026-03-11 10:41:12,https://intra.local/news/32,Portal,ops
2026-03-11 10:41:23,https://intra.local/news/33,Portal,ops
2026-03-11 10:41:34,https://intra.local/news/34,Portal,ops
2026-03-11 10:41:45,https://intra.local/news/35,Portal,ops
2026-03-11 10:41:56,https://intra.local/news/36,Portal,ops
2026-03-11 10:42:07,https://intra.local/news/37,Portal,ops
2026-03-11 10:42:18,https://intra.local/news/38,Portal,ops
2026-03-11 10:42:29,https://intra.local/news/39,Portal,ops
2026-03-11 10:42:40,https://intra.local/news/0,Portal,ops
2026-03-11 10:42:51,https://intra.local/news/1,Portal,ops
2026-03-11 10:43:02,https://intra.local/news/2,Portal,ops
2026-03-11 10:43:13,https://intra.local/news/3,Portal,ops
2026-03-11 10:43:24,https://intra.local/news/4,Portal,ops
2026-03-11 10:43:35,https://intra.local/news/5,Portal,ops
2026-03-11 10:43:46,https://intra.local/news/6,Portal,ops
2026-03-11 10:43:57,https://intra.local/news/7,Portal,ops
2026-03-11 10:44:08,https://intra.local/news/8,Portal,ops
2026-03-11 10:44:19,https://intra.local/news/9,Portal,ops
2026-03-11 10:44:30,https://intra.local/news/10,Portal,ops
2026-03-11 10:44:41,https://intra.local/news/11,Portal,ops
2026-03-11 10:44:52,https://intra.local/news/12,Portal,ops
2026-03-11 10:45:03,https://intra.local/news/13,Portal,ops
2026-03-11 10:45:14,https://intra.local/news/14,Portal,ops
2026-03-11 10:45:25,https://intra.local/news/15,Portal,ops
2026-03-11 10:45:36,https://intra.local/news/16,Portal,ops
2026-03-11 10:45:47,https://intra.local/news/17,Portal,ops
2026-03-11 10:45:58,https://intra.local/news/18,Portal,ops
2026-03-11 10:46:09,https://intra.local/news/19,Portal,ops
2026-03-11 10:46:20,https://intra.local/news/20,Portal,ops
2026-03-11 10:46:31,https://intra.local/news/21,Portal,ops
2026-03-11 10:46:42,https://intra.local/news/22,Portal,ops
2026-03-11 10:46:53,https://intra.local/news/23,Portal,ops
2026-03-11 10:47:04,https://intra.local/news/24,Portal,ops
2026-03-11 10:47:15,https://intra.local/news/25,Portal,ops
2026-03-11 10:47:26,https://intra.local/news/26,Portal,ops
2026-03-11 10:47:37,https://intra.local/news/27,Portal,ops
2026-03-11 10:47:48,https://intra.local/news/28,Portal,ops
2026-03-11 10:47:59,https://intra.local/news/29,Portal,ops
2026-03-11 10:48:10,https://intra.local/news/30,Portal,ops
2026-03-11 10:48:21,https://intra.local/news/31,Portal,ops
2026-03-11 10:48:32,https://intra.local/news/32,Portal,ops
2026-03-11 10:48:43,https://intra.local/news/33,Portal,ops
2026-03-11 10:48:54,https://intra.local/news/34,Portal,ops
2026-03-11 10:49:05,https://intra.local/news/35,Portal,ops
2026-03-11 10:49:16,https://intra.local/news/36,Portal,ops
2026-03-11 10:49:27,https://intra.local/news/37,Portal,ops
2026-03-11 10:49:38,https://intra.local/news/38,Portal,ops
2026-03-11 10:49:49,https://intra.local/news/39,Portal,ops
2026-03-11 10:50:00,https://intra.local/news/0,Portal,ops
2026-03-11 10:50:11,https://intra.local/news/1,Portal,ops
2026-03-11 10:50:22,https://intra.local/news/2,Portal,ops
2026-03-11 10:50:33,https://intra.local/news/3,Portal,ops
2026-03-11 10:50:44,https://intra.local/news/4,Portal,ops
2026-03-11 10:50:55,https://intra.local/news/5,Portal,ops
2026-03-11 10:51:06,https://intra.local/news/6,Portal,ops
2026-03-11 10:51:17,https://intra.local/news/7,Portal,ops
2026-03-11 10:51:28,https://intra.local/news/8,Portal,ops
2026-03-11 10:51:39,https://intra.local/news/9,Portal,ops
2026-03-11 10:51:50,https://intra.local/news/10,Portal,ops
2026-03-11 10:52:01,https://intra.local/news/11,Portal,ops
2026-03-11 10:52:12,https://intra.local/news/12,Portal,ops
2026-03-11 10:52:23,https://intra.local/news/13,Portal,ops
2026-03-11 10:52:34,https://intra.local/news/14,Portal,ops
2026-03-11 10:52:45,https://intra.local/news/15,Portal,ops
2026-03-11 10:52:56,https://intra.local/news/16,Portal,ops
2026-03-11 10:53:07,https://intra.local/news/17,Portal,ops
2026-03-11 10:53:18,https://intra.local/news/18,Portal,ops
2026-03-11 10:53:29,https://intra.local/news/19,Portal,ops
2026-03-11 10:53:40,https://intra.local/news/20,Portal,ops
2026-03-11 10:53:51,https://intra.local/news/21,Portal,ops
2026-03-11 10:54:02,https://intra.local/news/22,Portal,ops
2026-03-11 10:54:13,https://intra.local/news/23,Portal,ops
2026-03-11 10:54:24,https://intra.local/news/24,Portal,ops
2026-03-11 10:54:35,https://intra.local/news/25,Portal,ops
2026-03-11 10:54:46,https://intra.local/news/26,Portal,ops
2026-03-11 10:54:57,https://intra.local/news/27,Portal,ops
2026-03-11 10:55:08,https://intra.local/news/28,Portal,ops
2026-03-11 10:55:19,https://intra.local/news/29,Portal,ops
2026-03-11 10:55:30,https://intra.local/news/30,Portal,ops
2026-03-11 10:55:41,https://intra.local/news/31,Portal,ops
2026-03-11 10:55:52,https://intra.local/news/32,Portal,ops
2026-03-11 10:56:03,https://intra.local/news/33,Portal,ops
2026-03-11 10:56:14,https://intra.local/news/34,Portal,ops
2026-03-11 10:56:25,https://intra.local/news/35,Portal,ops
2026-03-11 10:56:36,https://intra.local/news/36,Portal,ops
2026-03-11 10:56:47,https://intra.local/news/37,Portal,ops
2026-03-11 10:56:58,https://intra.local/news/38,Portal,ops
2026-03-11 10:57:09,https://intra.local/news/39,Portal,ops
2026-03-11 10:57:20,https://intra.local/news/0,Portal,ops
2026-03-11 10:57:31,https://intra.local/news/1,Portal,ops
2026-03-11 10:57:42,https://intra.local/news/2,Portal,ops
2026-03-11 10:57:53,https://intra.local/news/3,Portal,ops
2026-03-11 10:58:04,https://intra.local/news/4,Portal,ops
2026-03-11 10:58:15,https://intra.local/news/5,Portal,ops
2026-03-11 10:58:26,https://intra.local/news/6,Portal,ops
2026-03-11 10:58:37,https://intra.local/news/7,Portal,ops
2026-03-11 10:58:48,https://intra.local/news/8,Portal,ops
2026-03-11 10:58:59,https://intra.local/news/9,Portal,ops
2026-03-11 10:59:10,https://intra.local/news/10,Portal,ops
2026-03-11 10:59:21,https://intra.local/news/11,Portal,ops
2026-03-11 10:59:32,https://intra.local/news/12,Portal,ops
2026-03-11 10:59:43,https://intra.local/news/13,Portal,ops
2026-03-11 10:59:54,https://intra.local/news/14,Portal,ops
2026-03-11 11:00:05,https://intra.local/news/15,Portal,ops
2026-03-11 11:00:16,https://intra.local/news/16,Portal,ops
2026-03-11 11:00:27,https://intra.local/news/17,Portal,ops
2026-03-11 11:00:38,https://intra.local/news/18,Portal,ops
2026-03-11 11:00:49,https://intra.local/news/19,Portal,ops
2026-03-11 11:01:00,https://intra.local/news/20,Portal,ops
2026-03-11 11:01:11,https://intra.local/news/21,Portal,ops
2026-03-11 11:01:22,https://intra.local/news/22,Portal,ops
2026-03-11 11:01:33,https://intra.local/news/23,Portal,ops
2026-03-11 11:01:44,https://intra.local/news/24,Portal,ops
2026-03-11 11:01:55,https://intra.local/news/25,Portal,ops
2026-03-11 11:02:06,https://intra.local/news/26,Portal,ops
2026-03-11 11:02:17,https://intra.local/news/27,Portal,ops
2026-03-11 11:02:28,https://intra.local/news/28,Portal,ops
2026-03-11 11:02:39,https://intra.local/news/29,Portal,ops
2026-03-11 11:02:50,https://intra.local/news/30,Portal,ops
2026-03-11 11:03:01,https://intra.local/news/31,Portal,ops
2026-03-11 11:03:12,https://intra.local/news/32,Portal,ops
2026-03-11 11:03:23,https://intra.local/news/33,Portal,ops
2026-03-11 11:03:34,https://intra.local/news/34,Portal,ops
2026-03-11 11:03:45,https://intra.local/news/35,Portal,ops
2026-03-11 11:03:56,https://intra.local/news/36,Portal,ops
2026-03-11 11:04:07,https://intra.local/news/37,Portal,ops
2026-03-11 11:04:18,https://intra.local/news/38,Portal,ops
2026-03-11 11:04:29,https://intra.local/news/39,Portal,ops
2026-03-11 11:04:40,https://intra.local/news/0,Portal,ops
2026-03-11 11:04:51,https://intra.local/news/1,Portal,ops
2026-03-11 11:05:02,https://intra.local/news/2,Portal,ops
2026-03-11 11:05:13,https://intra.local/news/3,Portal,ops
2026-03-11 11:05:24,https://intra.local/news/4,Portal,ops
2026-03-11 11:05:35,https://intra.local/news/5,Portal,ops
2026-03-11 11:05:46,https://intra.local/news/6,Portal,ops
2026-03-11 11:05:57,https://intra.local/news/7,Portal,ops
2026-03-11 11:06:08,https://intra.local/news/8,Portal,ops
2026-03-11 11:06:19,https://intra.local/news/9,Portal,ops
2026-03-11 11:06:30,https://intra.local/news/10,Portal,ops
2026-03-11 11:06:41,https://intra.local/news/11,Portal,ops
2026-03-11 11:06:52,https://intra.local/news/12,Portal,ops
2026-03-11 11:07:03,https://intra.local/news/13,Portal,ops
2026-03-11 11:07:14,https://intra.local/news/14,Portal,ops
2026-03-11 11:07:25,https://intra.local/news/15,Portal,ops
2026-03-11 11:07:36,https://intra.local/news/16,Portal,ops
2026-03-11 11:07:47,https://intra.local/news/17,Portal,ops
2026-03-11 11:07:58,https://intra.local/news/18,Portal,ops
2026-03-11 11:08:09,https://intra.local/news/19,Portal,ops
2026-03-11 11:08:20,https://intra.local/news/20,Portal,ops
2026-03-11 11:08:31,https://intra.local/news/21,Portal,ops
2026-03-11 11:08:42,https://intra.local/news/22,Portal,ops
2026-03-11 11:08:53,https://intra.local/news/23,Portal,ops
2026-03-11 11:09:04,https://intra.local/news/24,Portal,ops
2026-03-11 11:09:15,https://intra.local/news/25,Portal,ops
2026-03-11 11:09:26,https://intra.local/news/26,Portal,ops
2026-03-11 11:09:37,https://intra.local/news/27,Portal,ops
2026-03-11 11:09:48,https://intra.local/news/28,Portal,ops
2026-03-11 11:09:59,https://intra.local/news/29,Portal,ops
2026-03-11 11:10:10,https://intra.local/news/30,Portal,ops
2026-03-11 11:10:21,https://intra.local/news/31,Portal,ops
2026-03-11 11:10:32,https://intra.local/news/32,Portal,ops
2026-03-11 11:10:43,https://intra.local/news/33,Portal,ops
2026-03-11 11:10:54,https://intra.local/news/34,Portal,ops
2026-03-11 11:11:05,https://intra.local/news/35,Portal,ops
2026-03-11 11:11:16,https://intra.local/news/36,Portal,ops
2026-03-11 11:11:27,https://intra.local/news/37,Portal,ops
2026-03-11 11:11:38,https://intra.local/news/38,Portal,ops
2026-03-11 11:11:49,https://intra.local/news/39,Portal,ops
2026-03-11 11:12:00,https://intra.local/news/0,Portal,ops
2026-03-11 11:12:11,https://intra.local/news/1,Portal,ops
2026-03-11 11:12:22,https://intra.local/news/2,Portal,ops
2026-03-11 11:12:33,https://intra.local/news/3,Portal,ops
2026-03-11 11:12:44,https://intra.local/news/4,Portal,ops
2026-03-11 11:12:55,https://intra.local/news/5,Portal,ops
2026-03-11 11:13:06,https://intra.local/news/6,Portal,ops
2026-03-11 11:13:17,https://intra.local/news/7,Portal,ops
2026-03-11 11:13:28,https://intra.local/news/8,Portal,ops
2026-03-11 11:13:39,https://intra.local/news/9,Portal,ops
2026-03-11 11:13:50,https://intra.local/news/10,Portal,ops
2026-03-11 11:14:01,https://intra.local/news/11,Portal,ops
2026-03-11 11:14:12,https://intra.local/news/12,Portal,ops
2026-03-11 11:14:23,https://intra.local/news/13,Portal,ops
2026-03-11 11:14:34,https://intra.local/news/14,Portal,ops
2026-03-11 11:14:45,https://intra.local/news/15,Portal,ops
2026-03-11 11:14:56,https://intra.local/news/16,Portal,ops
2026-03-11 11:15:07,https://intra.local/news/17,Portal,ops
2026-03-11 11:15:18,https://intra.local/news/18,Portal,ops
2026-03-11 11:15:29,https://intra.local/news/19,Portal,ops
2026-03-11 11:15:40,https://intra.local/news/20,Portal,ops
2026-03-11 11:15:51,https://intra.local/news/21,Portal,ops
2026-03-11 11:16:02,https://intra.local/news/22,Portal,ops
2026-03-11 11:16:13,https://intra.local/news/23,Portal,ops
2026-03-11 11:16:24,https://intra.local/news/24,Portal,ops
2026-03-11 11:16:35,https://intra.local/news/25,Portal,ops
2026-03-11 11:16:46,https://intra.local/news/26,Portal,ops
2026-03-11 11:16:57,https://intra.local/news/27,Portal,ops
2026-03-11 11:17:08,https://intra.local/news/28,Portal,ops
2026-03-11 11:17:19,https://intra.local/news/29,Portal,ops
2026-03-11 11:17:30,https://intra.local/news/30,Portal,ops
2026-03-11 11:17:41,https://intra.local/news/31,Portal,ops
2026-03-11 11:17:52,https://intra.local/news/32,Portal,ops
2026-03-11 11:18:03,https://intra.local/news/33,Portal,ops
2026-03-11 11:18:14,https://intra.local/news/34,Portal,ops
2026-03-11 11:18:25,https://intra.local/news/35,Portal,ops
2026-03-11 11:18:36,https://intra.local/news/36,Portal,ops
2026-03-11 11:18:47,https://intra.local/news/37,Portal,ops
2026-03-11 11:18:58,https://intra.local/news/38,Portal,ops
2026-03-11 11:19:09,https://intra.local/news/39,Portal,ops
2026-03-11 11:19:20,https://intra.local/news/0,Portal,ops
2026-03-11 11:19:31,https://intra.local/news/1,Portal,ops
2026-03-11 11:19:42,https://intra.local/news/2,Portal,ops
2026-03-11 11:19:53,https://intra.local/news/3,Portal,ops
2026-03-11 11:20:04,https://intra.local/news/4,Portal,ops
2026-03-11 11:20:15,https://intra.local/news/5,Portal,ops
2026-03-11 11:20:26,https://intra.local/news/6,Portal,ops
2026-03-11 11:20:37,https://intra.local/news/7,Portal,ops
2026-03-11 11:20:48,https://intra.local/news/8,Portal,ops
2026-03-11 11:20:59,https://intra.local/news/9,Portal,ops
2026-03-11 11:21:10,https://intra.local/news/10,Portal,ops
2026-03-11 11:21:21,https://intra.local/news/11,Portal,ops
2026-03-11 11:21:32,https://intra.local/news/12,Portal,ops
2026-03-11 11:21:43,https://intra.local/news/13,Portal,ops
2026-03-11 11:21:54,https://intra.local/news/14,Portal,ops
2026-03-11 11:22:05,https://intra.local/news/15,Portal,ops
2026-03-11 11:22:16,https://intra.local/news/16,Portal,ops
2026-03-11 11:22:27,https://intra.local/news/17,Portal,ops
2026-03-11 11:22:38,https://intra.local/news/18,Portal,ops
2026-03-11 11:22:49,https://intra.local/news/19,Portal,ops
2026-03-11 11:23:00,https://intra.local/news/20,Portal,ops
2026-03-11 11:23:11,https://intra.local/news/21,Portal,ops
2026-03-11 11:23:22,https://intra.local/news/22,Portal,ops
2026-03-11 11:23:33,https://intra.local/news/23,Portal,ops
2026-03-11 11:23:44,https://intra.local/news/24,Portal,ops
2026-03-11 11:23:55,https://intra.local/news/25,Portal,ops
2026-03-11 11:24:06,https://intra.local/news/26,Portal,ops
2026-03-11 11:24:17,https://intra.local/news/27,Portal,ops
2026-03-11 11:24:28,https://intra.local/news/28,Portal,ops
2026-03-11 11:24:39,https://intra.local/news/29,Portal,ops
2026-03-11 11:24:50,https://intra.local/news/30,Portal,ops
2026-03-11 11:25:01,https://intra.local/news/31,Portal,ops
2026-03-11 11:25:12,https://intra.local/news/32,Portal,ops
2026-03-11 11:25:23,https://intra.local/news/33,Portal,ops
2026-03-11 11:25:34,https://intra.local/news/34,Portal,ops
2026-03-11 11:25:45,https://intra.local/news/35,Portal,ops
2026-03-11 11:25:56,https://intra.local/news/36,Portal,ops
2026-03-11 11:26:07,https://intra.local/news/37,Portal,ops
2026-03-11 11:26:18,https://intra.local/news/38,Portal,ops
2026-03-11 11:26:29,https://intra.local/news/39,Portal,ops
2026-03-11 11:26:40,https://intra.local/news/0,Portal,ops
2026-03-11 11:26:51,https://intra.local/news/1,Portal,ops
2026-03-11 11:27:02,https://intra.local/news/2,Portal,ops
2026-03-11 11:27:13,https://intra.local/news/3,Portal,ops
2026-03-11 11:27:24,https://intra.local/news/4,Portal,ops
2026-03-11 11:27:35,https://intra.local/news/5,Portal,ops
2026-03-11 11:27:46,https://intra.local/news/6,Portal,ops
2026-03-11 11:27:57,https://intra.local/news/7,Portal,ops
2026-03-11 11:28:08,https://intra.local/news/8,Portal,ops
2026-03-11 11:28:19,https://intra.local/news/9,Portal,ops
2026-03-11 11:28:30,https://intra.local/news/10,Portal,ops
2026-03-11 11:28:41,https://intra.local/news/11,Portal,ops
2026-03-11 11:28:52,https://intra.local/news/12,Portal,ops
2026-03-11 11:29:03,https://intra.local/news/13,Portal,ops
2026-03-11 11:29:14,https://intra.local/news/14,Portal,ops
2026-03-11 11:29:25,https://intra.local/news/15,Portal,ops
2026-03-11 11:29:36,https://intra.local/news/16,Portal,ops
2026-03-11 11:29:47,https://intra.local/news/17,Portal,ops
2026-03-11 11:29:58,https://intra.local/news/18,Portal,ops
2026-03-11 11:30:09,https://intra.local/news/19,Portal,ops
2026-03-11 11:30:20,https://intra.local/news/20,Portal,ops
2026-03-11 11:30:31,https://intra.local/news/21,Portal,ops
2026-03-11 11:30:42,https://intra.local/news/22,Portal,ops
2026-03-11 11:30:53,https://intra.local/news/23,Portal,ops
2026-03-11 11:31:04,https://intra.local/news/24,Portal,ops
2026-03-11 11:31:15,https://intra.local/news/25,Portal,ops
2026-03-11 11:31:26,https://intra.local/news/26,Portal,ops
2026-03-11 11:31:37,https://intra.local/news/27,Portal,ops
2026-03-11 11:31:48,https://intra.local/news/28,Portal,ops
2026-03-11 11:31:59,https://intra.local/news/29,Portal,ops
2026-03-11 11:32:10,https://intra.local/news/30,Portal,ops
2026-03-11 11:32:21,https://intra.local/news/31,Portal,ops
2026-03-11 11:32:32,https://intra.local/news/32,Portal,ops
2026-03-11 11:32:43,https://intra.local/news/33,Portal,ops
2026-03-11 11:32:54,https://intra.local/news/34,Portal,ops
2026-03-11 11:33:05,https://intra.local/news/35,Portal,ops
2026-03-11 11:33:16,https://intra.local/news/36,Portal,ops
2026-03-11 11:33:27,https://intra.local/news/37,Portal,ops
2026-03-11 11:33:38,https://intra.local/news/38,Portal,ops
2026-03-11 11:33:49,https://intra.local/news/39,Portal,ops
2026-03-11 11:34:00,https://intra.local/news/0,Portal,ops
2026-03-11 11:34:11,https://intra.local/news/1,Portal,ops
2026-03-11 11:34:22,https://intra.local/news/2,Portal,ops
2026-03-11 11:34:33,https://intra.local/news/3,Portal,ops
2026-03-11 11:34:44,https://intra.local/news/4,Portal,ops
2026-03-11 11:34:55,https://intra.local/news/5,Portal,ops
2026-03-11 11:35:06,https://intra.local/news/6,Portal,ops
2026-03-11 11:35:17,https://intra.local/news/7,Portal,ops
2026-03-11 11:35:28,https://intra.local/news/8,Portal,ops
2026-03-11 11:35:39,https://intra.local/news/9,Portal,ops
2026-03-11 11:35:50,https://intra.local/news/10,Portal,ops
2026-03-11 11:36:01,https://intra.local/news/11,Portal,ops
2026-03-11 11:36:12,https://intra.local/news/12,Portal,ops
2026-03-11 11:36:23,https://intra.local/news/13,Portal,ops
2026-03-11 11:36:34,https://intra.local/news/14,Portal,ops
2026-03-11 11:36:45,https://intra.local/news/15,Portal,ops
2026-03-11 11:36:56,https://intra.local/news/16,Portal,ops
2026-03-11 11:37:07,https://intra.local/news/17,Portal,ops
2026-03-11 11:37:18,https://intra.local/news/18,Portal,ops
2026-03-11 11:37:29,https://intra.local/news/19,Portal,ops
2026-03-11 11:37:40,https://intra.local/news/20,Portal,ops
2026-03-11 11:37:51,https://intra.local/news/21,Portal,ops
2026-03-11 11:38:02,https://intra.local/news/22,Portal,ops
2026-03-11 11:38:13,https://intra.local/news/23,Portal,ops
2026-03-11 11:38:24,https://intra.local/news/24,Portal,ops
2026-03-11 11:38:35,https://intra.local/news/25,Portal,ops
2026-03-11 11:38:46,https://intra.local/news/26,Portal,ops
2026-03-11 11:38:57,https://intra.local/news/27,Portal,ops
2026-03-11 11:39:08,https://intra.local/news/28,Portal,ops
2026-03-11 11:39:19,https://intra.local/news/29,Portal,ops
2026-03-11 11:39:30,https://intra.local/news/30,Portal,ops
2026-03-11 11:39:41,https://intra.local/news/31,Portal,ops
2026-03-11 11:39:52,https://intra.local/news/32,Portal,ops
2026-03-11 11:40:03,https://intra.local/news/33,Portal,ops
2026-03-11 11:40:14,https://intra.local/news/34,Portal,ops
2026-03-11 11:40:25,https://intra.local/news/35,Portal,ops
2026-03-11 11:40:36,https://intra.local/news/36,Portal,ops
2026-03-11 11:40:47,https://intra.local/news/37,Portal,ops
2026-03-11 11:40:58,https://intra.local/news/38,Portal,ops
2026-03-11 11:41:09,https://intra.local/news/39,Portal,ops
2026-03-11 11:41:20,https://intra.local/news/0,Portal,ops
2026-03-11 11:41:31,https://intra.local/news/1,Portal,ops
2026-03-11 11:41:42,https://intra.local/news/2,Portal,ops
2026-03-11 11:41:53,https://intra.local/news/3,Portal,ops
2026-03-11 11:42:04,https://intra.local/news/4,Portal,ops
2026-03-11 11:42:15,https://intra.local/news/5,Portal,ops
2026-03-11 11:42:26,https://intra.local/news/6,Portal,ops
2026-03-11 11:42:37,https://intra.local/news/7,Portal,ops
2026-03-11 11:42:48,https://intra.local/news/8,Portal,ops
2026-03-11 11:42:59,https://intra.local/news/9,Portal,ops
2026-03-11 11:43:10,https://intra.local/news/10,Portal,ops
2026-03-11 11:43:21,https://intra.local/news/11,Portal,ops
2026-03-11 11:43:32,https://intra.local/news/12,Portal,ops
2026-03-11 11:43:43,https://intra.local/news/13,Portal,ops
2026-03-11 11:43:54,https://intra.local/news/14,Portal,ops
2026-03-11 11:44:05,https://intra.local/news/15,Portal,ops
2026-03-11 11:44:16,https://intra.local/news/16,Portal,ops
2026-03-11 11:44:27,https://intra.local/news/17,Portal,ops
2026-03-11 11:44:38,https://intra.local/news/18,Portal,ops
2026-03-11 11:44:49,https://intra.local/news/19,Portal,ops
2026-03-11 11:45:00,https://intra.local/news/20,Portal,ops
2026-03-11 11:45:11,https://intra.local/news/21,Portal,ops
2026-03-11 11:45:22,https://intra.local/news/22,Portal,ops
2026-03-11 11:45:33,https://intra.local/news/23,Portal,ops
2026-03-11 11:45:44,https://intra.local/news/24,Portal,ops
2026-03-11 11:45:55,https://intra.local/news/25,Portal,ops
2026-03-11 11:46:06,https://intra.local/news/26,Portal,ops
2026-03-11 11:46:17,https://intra.local/news/27,Portal,ops
2026-03-11 11:46:28,https://intra.local/news/28,Portal,ops
2026-03-11 11:46:39,https://intra.local/news/29,Portal,ops
2026-03-11 11:46:50,https://intra.local/news/30,Portal,ops
2026-03-11 11:47:01,https://intra.local/news/31,Portal,ops
2026-03-11 11:47:12,https://intra.local/news/32,Portal,ops
2026-03-11 11:47:23,https://intra.local/news/33,Portal,ops
2026-03-11 11:47:34,https://intra.local/news/34,Portal,ops
2026-03-11 11:47:45,https://intra.local/news/35,Portal,ops
2026-03-11 11:47:56,https://intra.local/news/36,Portal,ops
2026-03-11 11:48:07,https://intra.local/news/37,Portal,ops
2026-03-11 11:48:18,https://intra.local/news/38,Portal,ops
2026-03-11 11:48:29,https://intra.local/news/39,Portal,ops
2026-03-11 11:48:40,https://intra.local/news/0,Portal,ops
2026-03-11 11:48:51,https://intra.local/news/1,Portal,ops
2026-03-11 11:49:02,https://intra.local/news/2,Portal,ops
2026-03-11 11:49:13,https://intra.local/news/3,Portal,ops
2026-03-11 11:49:24,https://intra.local/news/4,Portal,ops
2026-03-11 11:49:35,https://intra.local/news/5,Portal,ops
2026-03-11 11:49:46,https://intra.local/news/6,Portal,ops
2026-03-11 11:49:57,https://intra.local/news/7,Portal,ops
2026-03-11 11:50:08,https://intra.local/news/8,Portal,ops
2026-03-11 11:50:19,https://intra.local/news/9,Portal,ops
2026-03-11 11:50:30,https://intra.local/news/10,Portal,ops
2026-03-11 11:50:41,https://intra.local/news/11,Portal,ops
2026-03-11 11:50:52,https://intra.local/news/12,Portal,ops
2026-03-11 11:51:03,https://intra.local/news/13,Portal,ops
2026-03-11 11:51:14,https://intra.local/news/14,Portal,ops
2026-03-11 11:51:25,https://intra.local/news/15,Portal,ops
2026-03-11 11:51:36,https://intra.local/news/16,Portal,ops
2026-03-11 11:51:47,https://intra.local/news/17,Portal,ops
2026-03-11 11:51:58,https://intra.local/news/18,Portal,ops
2026-03-11 11:52:09,https://intra.local/news/19,Portal,ops
2026-03-11 11:52:20,https://intra.local/news/20,Portal,ops
2026-03-11 11:52:31,https://intra.local/news/21,Portal,ops
2026-03-11 11:52:42,https://intra.local/news/22,Portal,ops
2026-03-11 11:52:53,https://intra.local/news/23,Portal,ops
2026-03-11 11:53:04,https://intra.local/news/24,Portal,ops
2026-03-11 11:53:15,https://intra.local/news/25,Portal,ops
2026-03-11 11:53:26,https://intra.local/news/26,Portal,ops
2026-03-11 11:53:37,https://intra.local/news/27,Portal,ops
2026-03-11 11:53:48,https://intra.local/news/28,Portal,ops
2026-03-11 11:53:59,https://intra.local/news/29,Portal,ops
2026-03-11 11:54:10,https://intra.local/news/30,Portal,ops
2026-03-11 11:54:21,https://intra.local/news/31,Portal,ops
2026-03-11 11:54:32,https://intra.local/news/32,Portal,ops
2026-03-11 11:54:43,https://intra.local/news/33,Portal,ops
2026-03-11 11:54:54,https://intra.local/news/34,Portal,ops
2026-03-11 11:55:05,https://intra.local/news/35,Portal,ops
2026-03-11 11:55:16,https://intra.local/news/36,Portal,ops
2026-03-11 11:55:27,https://intra.local/news/37,Portal,ops
2026-03-11 11:55:38,https://intra.local/news/38,Portal,ops
2026-03-11 11:55:49,https://intra.local/news/39,Portal,ops
2026-03-11 11:56:00,https://intra.local/news/0,Portal,ops
2026-03-11 11:56:11,https://intra.local/news/1,Portal,ops
2026-03-11 11:56:22,https://intra.local/news/2,Portal,ops
2026-03-11 11:56:33,https://intra.local/news/3,Portal,ops
2026-03-11 11:56:44,https://intra.local/news/4,Portal,ops
2026-03-11 11:56:55,https://intra.local/news/5,Portal,ops
2026-03-11 11:57:06,https://intra.local/news/6,Portal,ops
2026-03-11 11:57:17,https://intra.local/news/7,Portal,ops
2026-03-11 11:57:28,https://intra.local/news/8,Portal,ops
2026-03-11 11:57:39,https://intra.local/news/9,Portal,ops
2026-03-11 11:57:50,https://intra.local/news/10,Portal,ops
2026-03-11 11:58:01,https://intra.local/news/11,Portal,ops
2026-03-11 11:58:12,https://intra.local/news/12,Portal,ops
2026-03-11 11:58:23,https://intra.local/news/13,Portal,ops
2026-03-11 11:58:34,https://intra.local/news/14,Portal,ops
2026-03-11 11:58:45,https://intra.local/news/15,Portal,ops
2026-03-11 11:58:56,https://intra.local/news/16,Portal,ops
2026-03-11 11:59:07,https://intra.local/news/17,Portal,ops
2026-03-11 11:59:18,https://intra.local/news/18,Portal,ops
2026-03-11 11:59:29,https://intra.local/news/19,Portal,ops
2026-03-11 11:59:40,https://intra.local/news/20,Portal,ops
2026-03-11 11:59:51,https://intra.local/news/21,Portal,ops
2026-03-11 12:00:02,https://intra.local/news/22,Portal,ops
2026-03-11 12:00:13,https://intra.local/news/23,Portal,ops
2026-03-11 12:00:24,https://intra.local/news/24,Portal,ops
2026-03-11 12:00:35,https://intra.local/news/25,Portal,ops
2026-03-11 12:00:46,https://intra.local/news/26,Portal,ops
2026-03-11 12:00:57,https://intra.local/news/27,Portal,ops
2026-03-11 12:01:08,https://intra.local/news/28,Portal,ops
2026-03-11 12:01:19,https://intra.local/news/29,Portal,ops
2026-03-11 12:01:30,https://intra.local/news/30,Portal,ops
2026-03-11 12:01:41,https://intra.local/news/31,Portal,ops
2026-03-11 12:01:52,https://intra.local/news/32,Portal,ops
2026-03-11 12:02:03,https://intra.local/news/33,Portal,ops
2026-03-11 12:02:14,https://intra.local/news/34,Portal,ops
2026-03-11 12:02:25,https://intra.local/news/35,Portal,ops
2026-03-11 12:02:36,https://intra.local/news/36,Portal,ops
2026-03-11 12:02:47,https://intra.local/news/37,Portal,ops
2026-03-11 12:02:58,https://intra.local/news/38,Portal,ops
2026-03-11 12:03:09,https://intra.local/news/39,Portal,ops
2026-03-11 12:03:20,https://intra.local/news/0,Portal,ops
2026-03-11 12:03:31,https://intra.local/news/1,Portal,ops
2026-03-11 12:03:42,https://intra.local/news/2,Portal,ops
2026-03-11 12:03:53,https://intra.local/news/3,Portal,ops
2026-03-11 12:04:04,https://intra.local/news/4,Portal,ops
2026-03-11 12:04:15,https://intra.local/news/5,Portal,ops
2026-03-11 12:04:26,https://intra.local/news/6,Portal,ops
2026-03-11 12:04:37,https://intra.local/news/7,Portal,ops
2026-03-11 12:04:48,https://intra.local/news/8,Portal,ops
2026-03-11 12:04:59,https://intra.local/news/9,Portal,ops
2026-03-11 12:05:10,https://intra.local/news/10,Portal,ops
2026-03-11 12:05:21,https://intra.local/news/11,Portal,ops
2026-03-11 12:05:32,https://intra.local/news/12,Portal,ops
2026-03-11 12:05:43,https://intra.local/news/13,Portal,ops
2026-03-11 12:05:54,https://intra.local/news/14,Portal,ops
2026-03-11 12:06:05,https://intra.local/news/15,Portal,ops
2026-03-11 12:06:16,https://intra.local/news/16,Portal,ops
2026-03-11 12:06:27,https://intra.local/news/17,Portal,ops
2026-03-11 12:06:38,https://intra.local/news/18,Portal,ops
2026-03-11 12:06:49,https://intra.local/news/19,Portal,ops
2026-03-11 12:07:00,https://intra.local/news/20,Portal,ops
2026-03-11 12:07:11,https://intra.local/news/21,Portal,ops
2026-03-11 12:07:22,https://intra.local/news/22,Portal,ops
2026-03-11 12:07:33,https://intra.local/news/23,Portal,ops
2026-03-11 12:07:44,https://intra.local/news/24,Portal,ops
2026-03-11 12:07:55,https://intra.local/news/25,Portal,ops
2026-03-11 12:08:06,https://intra.local/news/26,Portal,ops
2026-03-11 12:08:17,https://intra.local/news/27,Portal,ops
2026-03-11 12:08:28,https://intra.local/news/28,Portal,ops
2026-03-11 12:08:39,https://intra.local/news/29,Portal,ops
2026-03-11 12:08:50,https://intra.local/news/30,Portal,ops
2026-03-11 12:09:01,https://intra.local/news/31,Portal,ops
2026-03-11 12:09:12,https://intra.local/news/32,Portal,ops
2026-03-11 12:09:23,https://intra.local/news/33,Portal,ops
2026-03-11 12:09:34,https://intra.local/news/34,Portal,ops
2026-03-11 12:09:45,https://intra.local/news/35,Portal,ops
2026-03-11 12:09:56,https://intra.local/news/36,Portal,ops
2026-03-11 12:10:07,https://intra.local/news/37,Portal,ops
2026-03-11 12:10:18,https://intra.local/news/38,Portal,ops
2026-03-11 12:10:29,https://intra.local/news/39,Portal,ops
2026-03-11 12:10:40,https://intra.local/news/0,Portal,ops
2026-03-11 12:10:51,https://intra.local/news/1,Portal,ops
2026-03-11 12:11:02,https://intra.local/news/2,Portal,ops
2026-03-11 12:11:13,https://intra.local/news/3,Portal,ops
2026-03-11 12:11:24,https://intra.local/news/4,Portal,ops
2026-03-11 12:11:35,https://intra.local/news/5,Portal,ops
2026-03-11 12:11:46,https://intra.local/news/6,Portal,ops
2026-03-11 12:11:57,https://intra.local/news/7,Portal,ops
2026-03-11 12:12:08,https://intra.local/news/8,Portal,ops
2026-03-11 12:12:19,https://intra.local/news/9,Portal,ops
2026-03-11 12:12:30,https://intra.local/news/10,Portal,ops
2026-03-11 12:12:41,https://intra.local/news/11,Portal,ops
2026-03-11 12:12:52,https://intra.local/news/12,Portal,ops
2026-03-11 12:13:03,https://intra.local/news/13,Portal,ops
2026-03-11 12:13:14,https://intra.local/news/14,Portal,ops
2026-03-11 12:13:25,https://intra.local/news/15,Portal,ops
2026-03-11 12:13:36,https://intra.local/news/16,Portal,ops
2026-03-11 12:13:47,https://intra.local/news/17,Portal,ops
2026-03-11 12:13:58,https://intra.local/news/18,Portal,ops
2026-03-11 12:14:09,https://intra.local/news/19,Portal,ops
2026-03-11 12:14:20,https://intra.local/news/20,Portal,ops
2026-03-11 12:14:31,https://intra.local/news/21,Portal,ops
2026-03-11 12:14:42,https://intra.local/news/22,Portal,ops
2026-03-11 12:14:53,https://intra.local/news/23,Portal,ops
2026-03-11 12:15:04,https://intra.local/news/24,Portal,ops
2026-03-11 12:15:15,https://intra.local/news/25,Portal,ops
2026-03-11 12:15:26,https://intra.local/news/26,Portal,ops
2026-03-11 12:15:37,https://intra.local/news/27,Portal,ops
2026-03-11 12:15:48,https://intra.local/news/28,Portal,ops
2026-03-11 12:15:59,https://intra.local/news/29,Portal,ops
2026-03-11 12:16:10,https://intra.local/news/30,Portal,ops
2026-03-11 12:16:21,https://intra.local/news/31,Portal,ops
2026-03-11 12:16:32,https://intra.local/news/32,Portal,ops
2026-03-11 12:16:43,https://intra.local/news/33,Portal,ops
2026-03-11 12:16:54,https://intra.local/news/34,Portal,ops
2026-03-11 12:17:05,https://intra.local/news/35,Portal,ops
2026-03-11 12:17:16,https://intra.local/news/36,Portal,ops
2026-03-11 12:17:27,https://intra.local/news/37,Portal,ops
2026-03-11 12:17:38,https://intra.local/news/38,Portal,ops
2026-03-11 12:17:49,https://intra.local/news/39,Portal,ops
2026-03-11 12:18:00,https://intra.local/news/0,Portal,ops
2026-03-11 12:18:11,https://intra.local/news/1,Portal,ops
2026-03-11 12:18:22,https://intra.local/news/2,Portal,ops
2026-03-11 12:18:33,https://intra.local/news/3,Portal,ops
2026-03-11 12:18:44,https://intra.local/news/4,Portal,ops
2026-03-11 12:18:55,https://intra.local/news/5,Portal,ops
2026-03-11 12:19:06,https://intra.local/news/6,Portal,ops
2026-03-11 12:19:17,https://intra.local/news/7,Portal,ops
2026-03-11 12:19:28,https://intra.local/news/8,Portal,ops
2026-03-11 12:19:39,https://intra.local/news/9,Portal,ops
2026-03-11 12:19:50,https://intra.local/news/10,Portal,ops
2026-03-11 12:20:01,https://intra.local/news/11,Portal,ops
2026-03-11 12:20:12,https://intra.local/news/12,Portal,ops
2026-03-11 12:20:23,https://intra.local/news/13,Portal,ops
2026-03-11 12:20:34,https://intra.local/news/14,Portal,ops
2026-03-11 12:20:45,https://intra.local/news/15,Portal,ops
2026-03-11 12:20:56,https://intra.local/news/16,Portal,ops
2026-03-11 12:21:07,https://intra.local/news/17,Portal,ops
2026-03-11 12:21:18,https://intra.local/news/18,Portal,ops
2026-03-11 12:21:29,https://intra.local/news/19,Portal,ops
2026-03-11 12:21:40,https://intra.local/news/20,Portal,ops
2026-03-11 12:21:51,https://intra.local/news/21,Portal,ops
2026-03-11 12:22:02,https://intra.local/news/22,Portal,ops
2026-03-11 12:22:13,https://intra.local/news/23,Portal,ops
2026-03-11 12:22:24,https://intra.local/news/24,Portal,ops
2026-03-11 12:22:35,https://intra.local/news/25,Portal,ops
2026-03-11 12:22:46,https://intra.local/news/26,Portal,ops
2026-03-11 12:22:57,https://intra.local/news/27,Portal,ops
2026-03-11 12:23:08,https://intra.local/news/28,Portal,ops
2026-03-11 12:23:19,https://intra.local/news/29,Portal,ops
2026-03-11 12:23:30,https://intra.local/news/30,Portal,ops
2026-03-11 12:23:41,https://intra.local/news/31,Portal,ops
2026-03-11 12:23:52,https://intra.local/news/32,Portal,ops
2026-03-11 12:24:03,https://intra.local/news/33,Portal,ops
2026-03-11 12:24:14,https://intra.local/news/34,Portal,ops
2026-03-11 12:24:25,https://intra.local/news/35,Portal,ops
2026-03-11 12:24:36,https://intra.local/news/36,Portal,ops
2026-03-11 12:24:47,https://intra.local/news/37,Portal,ops
2026-03-11 12:24:58,https://intra.local/news/38,Portal,ops
2026-03-11 12:25:09,https://intra.local/news/39,Portal,ops
2026-03-11 12:25:20,https://intra.local/news/0,Portal,ops
2026-03-11 12:25:31,https://intra.local/news/1,Portal,ops
2026-03-11 12:25:42,https://intra.local/news/2,Portal,ops
2026-03-11 12:25:53,https://intra.local/news/3,Portal,ops
2026-03-11 12:26:04,https://intra.local/news/4,Portal,ops
2026-03-11 12:26:15,https://intra.local/news/5,Portal,ops
2026-03-11 12:26:26,https://intra.local/news/6,Portal,ops
2026-03-11 12:26:37,https://intra.local/news/7,Portal,ops
2026-03-11 12:26:48,https://intra.local/news/8,Portal,ops
2026-03-11 12:26:59,https://intra.local/news/9,Portal,ops
2026-03-11 12:27:10,https://intra.local/news/10,Portal,ops
2026-03-11 12:27:21,https://intra.local/news/11,Portal,ops
2026-03-11 12:27:32,https://intra.local/news/12,Portal,ops
2026-03-11 12:27:43,https://intra.local/news/13,Portal,ops
2026-03-11 12:27:54,https://intra.local/news/14,Portal,ops
2026-03-11 12:28:05,https://intra.local/news/15,Portal,ops
2026-03-11 12:28:16,https://intra.local/news/16,Portal,ops
2026-03-11 12:28:27,https://intra.local/news/17,Portal,ops
2026-03-11 12:28:38,https://intra.local/news/18,Portal,ops
2026-03-11 12:28:49,https://intra.local/news/19,Portal,ops
2026-03-11 12:29:00,https://intra.local/news/20,Portal,ops
2026-03-11 12:29:11,https://intra.local/news/21,Portal,ops
2026-03-11 12:29:22,https://intra.local/news/22,Portal,ops
2026-03-11 12:29:33,https://intra.local/news/23,Portal,ops
2026-03-11 12:29:44,https://intra.local/news/24,Portal,ops
2026-03-11 12:29:55,https://intra.local/news/25,Portal,ops
2026-03-11 12:30:06,https://intra.local/news/26,Portal,ops
2026-03-11 12:30:17,https://intra.local/news/27,Portal,ops
2026-03-11 12:30:28,https://intra.local/news/28,Portal,ops
2026-03-11 12:30:39,https://intra.local/news/29,Portal,ops
2026-03-11 12:30:50,https://intra.local/news/30,Portal,ops
2026-03-11 12:31:01,https://intra.local/news/31,Portal,ops
2026-03-11 12:31:12,https://intra.local/news/32,Portal,ops
2026-03-11 12:31:23,https://intra.local/news/33,Portal,ops
2026-03-11 12:31:34,https://intra.local/news/34,Portal,ops
2026-03-11 12:31:45,https://intra.local/news/35,Portal,ops
2026-03-11 12:31:56,https://intra.local/news/36,Portal,ops
2026-03-11 12:32:07,https://intra.local/news/37,Portal,ops
2026-03-11 12:32:18,https://intra.local/news/38,Portal,ops
2026-03-11 12:32:29,https://intra.local/news/39,Portal,ops
2026-03-11 12:32:40,https://intra.local/news/0,Portal,ops
2026-03-11 12:32:51,https://intra.local/news/1,Portal,ops
2026-03-11 12:33:02,https://intra.local/news/2,Portal,ops
2026-03-11 12:33:13,https://intra.local/news/3,Portal,ops
2026-03-11 12:33:24,https://intra.local/news/4,Portal,ops
2026-03-11 12:33:35,https://intra.local/news/5,Portal,ops
2026-03-11 12:33:46,https://intra.local/news/6,Portal,ops
2026-03-11 12:33:57,https://intra.local/news/7,Portal,ops
2026-03-11 12:34:08,https://intra.local/news/8,Portal,ops
2026-03-11 12:34:19,https://intra.local/news/9,Portal,ops
2026-03-11 12:34:30,https://intra.local/news/10,Portal,ops
2026-03-11 12:34:41,https://intra.local/news/11,Portal,ops
2026-03-11 12:34:52,https://intra.local/news/12,Portal,ops
2026-03-11 12:35:03,https://intra.local/news/13,Portal,ops
2026-03-11 12:35:14,https://intra.local/news/14,Portal,ops
2026-03-11 12:35:25,https://intra.local/news/15,Portal,ops
2026-03-11 12:35:36,https://intra.local/news/16,Portal,ops
2026-03-11 12:35:47,https://intra.local/news/17,Portal,ops
2026-03-11 12:35:58,https://intra.local/news/18,Portal,ops
2026-03-11 12:36:09,https://intra.local/news/19,Portal,ops
2026-03-11 12:36:20,https://intra.local/news/20,Portal,ops
2026-03-11 12:36:31,https://intra.local/news/21,Portal,ops
2026-03-11 12:36:42,https://intra.local/news/22,Portal,ops
2026-03-11 12:36:53,https://intra.local/news/23,Portal,ops
2026-03-11 12:37:04,https://intra.local/news/24,Portal,ops
2026-03-11 12:37:15,https://intra.local/news/25,Portal,ops
2026-03-11 12:37:26,https://intra.local/news/26,Portal,ops
2026-03-11 12:37:37,https://intra.local/news/27,Portal,ops
2026-03-11 12:37:48,https://intra.local/news/28,Portal,ops
2026-03-11 12:37:59,https://intra.local/news/29,Portal,ops
2026-03-11 12:38:10,https://intra.local/news/30,Portal,ops
2026-03-11 12:38:21,https://intra.local/news/31,Portal,ops
2026-03-11 12:38:32,https://intra.local/news/32,Portal,ops
2026-03-11 12:38:43,https://intra.local/news/33,Portal,ops
2026-03-11 12:38:54,https://intra.local/news/34,Portal,ops
2026-03-11 12:39:05,https://intra.local/news/35,Portal,ops
2026-03-11 12:39:16,https://intra.local/news/36,Portal,ops
2026-03-11 12:39:27,https://intra.local/news/37,Portal,ops
2026-03-11 12:39:38,https://intra.local/news/38,Portal,ops
2026-03-11 12:39:49,https://intra.local/news/39,Portal,ops
2026-03-11 12:40:00,https://intra.local/news/0,Portal,ops
2026-03-11 12:40:11,https://intra.local/news/1,Portal,ops
2026-03-11 12:40:22,https://intra.local/news/2,Portal,ops
2026-03-11 12:40:33,https://intra.local/news/3,Portal,ops
2026-03-11 12:40:44,https://intra.local/news/4,Portal,ops
2026-03-11 12:40:55,https://intra.local/news/5,Portal,ops
2026-03-11 12:41:06,https://intra.local/news/6,Portal,ops
2026-03-11 12:41:17,https://intra.local/news/7,Portal,ops
2026-03-11 12:41:28,https://intra.local/news/8,Portal,ops
2026-03-11 12:41:39,https://intra.local/news/9,Portal,ops
2026-03-11 12:41:50,https://intra.local/news/10,Portal,ops
2026-03-11 12:42:01,https://intra.local/news/11,Portal,ops
2026-03-11 12:42:12,https://intra.local/news/12,Portal,ops
2026-03-11 12:42:23,https://intra.local/news/13,Portal,ops
2026-03-11 12:42:34,https://intra.local/news/14,Portal,ops
2026-03-11 12:42:45,https://intra.local/news/15,Portal,ops
2026-03-11 12:42:56,https://intra.local/news/16,Portal,ops
2026-03-11 12:43:07,https://intra.local/news/17,Portal,ops
2026-03-11 12:43:18,https://intra.local/news/18,Portal,ops
2026-03-11 12:43:29,https://intra.local/news/19,Portal,ops
2026-03-11 12:43:40,https://intra.local/news/20,Portal,ops
2026-03-11 12:43:51,https://intra.local/news/21,Portal,ops
2026-03-11 12:44:02,https://intra.local/news/22,Portal,ops
2026-03-11 12:44:13,https://intra.local/news/23,Portal,ops
2026-03-11 12:44:24,https://intra.local/news/24,Portal,ops
2026-03-11 12:44:35,https://intra.local/news/25,Portal,ops
2026-03-11 12:44:46,https://intra.local/news/26,Portal,ops
2026-03-11 12:44:57,https://intra.local/news/27,Portal,ops
2026-03-11 12:45:08,https://intra.local/news/28,Portal,ops
2026-03-11 12:45:19,https://intra.local/news/29,Portal,ops
2026-03-11 12:45:30,https://intra.local/news/30,Portal,ops
2026-03-11 12:45:41,https://intra.local/news/31,Portal,ops
2026-03-11 12:45:52,https://intra.local/news/32,Portal,ops
2026-03-11 12:46:03,https://intra.local/news/33,Portal,ops
2026-03-11 12:46:14,https://intra.local/news/34,Portal,ops
2026-03-11 12:46:25,https://intra.local/news/35,Portal,ops
2026-03-11 12:46:36,https://intra.local/news/36,Portal,ops
2026-03-11 12:46:47,https://intra.local/news/37,Portal,ops
2026-03-11 12:46:58,https://intra.local/news/38,Portal,ops
2026-03-11 12:47:09,https://intra.local/news/39,Portal,ops
2026-03-11 12:47:20,https://intra.local/news/0,Portal,ops
2026-03-11 12:47:31,https://intra.local/news/1,Portal,ops
2026-03-11 12:47:42,https://intra.local/news/2,Portal,ops
2026-03-11 12:47:53,https://intra.local/news/3,Portal,ops
2026-03-11 12:48:04,https://intra.local/news/4,Portal,ops
2026-03-11 12:48:15,https://intra.local/news/5,Portal,ops
2026-03-11 12:48:26,https://intra.local/news/6,Portal,ops
2026-03-11 12:48:37,https://intra.local/news/7,Portal,ops
2026-03-11 12:48:48,https://intra.local/news/8,Portal,ops
2026-03-11 12:48:59,https://intra.local/news/9,Portal,ops
2026-03-11 12:49:10,https://intra.local/news/10,Portal,ops
2026-03-11 12:49:21,https://intra.local/news/11,Portal,ops
2026-03-11 12:49:32,https://intra.local/news/12,Portal,ops
2026-03-11 12:49:43,https://intra.local/news/13,Portal,ops
2026-03-11 12:49:54,https://intra.local/news/14,Portal,ops
2026-03-11 12:50:05,https://intra.local/news/15,Portal,ops
2026-03-11 12:50:16,https://intra.local/news/16,Portal,ops
2026-03-11 12:50:27,https://intra.local/news/17,Portal,ops
2026-03-11 12:50:38,https://intra.local/news/18,Portal,ops
2026-03-11 12:50:49,https://intra.local/news/19,Portal,ops
2026-03-11 12:51:00,https://intra.local/news/20,Portal,ops
2026-03-11 12:51:11,https://intra.local/news/21,Portal,ops
2026-03-11 12:51:22,https://intra.local/news/22,Portal,ops
2026-03-11 12:51:33,https://intra.local/news/23,Portal,ops
2026-03-11 12:51:44,https://intra.local/news/24,Portal,ops
2026-03-11 12:51:55,https://intra.local/news/25,Portal,ops
2026-03-11 12:52:06,https://intra.local/news/26,Portal,ops
2026-03-11 12:52:17,https://intra.local/news/27,Portal,ops
2026-03-11 12:52:28,https://intra.local/news/28,Portal,ops
2026-03-11 12:52:39,https://intra.local/news/29,Portal,ops
2026-03-11 12:52:50,https://intra.local/news/30,Portal,ops
2026-03-11 12:53:01,https://intra.local/news/31,Portal,ops
2026-03-11 12:53:12,https://intra.local/news/32,Portal,ops
2026-03-11 12:53:23,https://intra.local/news/33,Portal,ops
2026-03-11 12:53:34,https://intra.local/news/34,Portal,ops
2026-03-11 12:53:45,https://intra.local/news/35,Portal,ops
2026-03-11 12:53:56,https://intra.local/news/36,Portal,ops
2026-03-11 12:54:07,https://intra.local/news/37,Portal,ops
2026-03-11 12:54:18,https://intra.local/news/38,Portal,ops
2026-03-11 12:54:29,https://intra.local/news/39,Portal,ops
2026-03-11 12:54:40,https://intra.local/news/0,Portal,ops
2026-03-11 12:54:51,https://intra.local/news/1,Portal,ops
2026-03-11 12:55:02,https://intra.local/news/2,Portal,ops
2026-03-11 12:55:13,https://intra.local/news/3,Portal,ops
2026-03-11 12:55:24,https://intra.local/news/4,Portal,ops
2026-03-11 12:55:35,https://intra.local/news/5,Portal,ops
2026-03-11 12:55:46,https://intra.local/news/6,Portal,ops
2026-03-11 12:55:57,https://intra.local/news/7,Portal,ops
2026-03-11 12:56:08,https://intra.local/news/8,Portal,ops
2026-03-11 12:56:19,https://intra.local/news/9,Portal,ops
2026-03-11 12:56:30,https://intra.local/news/10,Portal,ops
2026-03-11 12:56:41,https://intra.local/news/11,Portal,ops
2026-03-11 12:56:52,https://intra.local/news/12,Portal,ops
2026-03-11 12:57:03,https://intra.local/news/13,Portal,ops
2026-03-11 12:57:14,https://intra.local/news/14,Portal,ops
2026-03-11 12:57:25,https://intra.local/news/15,Portal,ops
2026-03-11 12:57:36,https://intra.local/news/16,Portal,ops
2026-03-11 12:57:47,https://intra.local/news/17,Portal,ops
2026-03-11 12:57:58,https://intra.local/news/18,Portal,ops
2026-03-11 12:58:09,https://intra.local/news/19,Portal,ops
2026-03-11 12:58:20,https://intra.local/news/20,Portal,ops
2026-03-11 12:58:31,https://intra.local/news/21,Portal,ops
2026-03-11 12:58:42,https://intra.local/news/22,Portal,ops
2026-03-11 12:58:53,https://intra.local/news/23,Portal,ops
2026-03-11 12:59:04,https://intra.local/news/24,Portal,ops
2026-03-11 12:59:15,https://intra.local/news/25,Portal,ops
2026-03-11 12:59:26,https://intra.local/news/26,Portal,ops
2026-03-11 12:59:37,https://intra.local/news/27,Portal,ops
2026-03-11 12:59:48,https://intra.local/news/28,Portal,ops
2026-03-11 12:59:59,https://intra.local/news/29,Portal,ops
2026-03-11 13:00:10,https://intra.local/news/30,Portal,ops
2026-03-11 13:00:21,https://intra.local/news/31,Portal,ops
2026-03-11 13:00:32,https://intra.local/news/32,Portal,ops
2026-03-11 13:00:43,https://intra.local/news/33,Portal,ops
2026-03-11 13:00:54,https://intra.local/news/34,Portal,ops
2026-03-11 13:01:05,https://intra.local/news/35,Portal,ops
2026-03-11 13:01:16,https://intra.local/news/36,Portal,ops
2026-03-11 13:01:27,https://intra.local/news/37,Portal,ops
2026-03-11 13:01:38,https://intra.local/news/38,Portal,ops
2026-03-11 13:01:49,https://intra.local/news/39,Portal,ops
2026-03-11 13:02:00,https://intra.local/news/0,Portal,ops
2026-03-11 13:02:11,https://intra.local/news/1,Portal,ops
2026-03-11 13:02:22,https://intra.local/news/2,Portal,ops
2026-03-11 13:02:33,https://intra.local/news/3,Portal,ops
2026-03-11 13:02:44,https://intra.local/news/4,Portal,ops
2026-03-11 13:02:55,https://intra.local/news/5,Portal,ops
2026-03-11 13:03:06,https://intra.local/news/6,Portal,ops
2026-03-11 13:03:17,https://intra.local/news/7,Portal,ops
2026-03-11 13:03:28,https://intra.local/news/8,Portal,ops
2026-03-11 13:03:39,https://intra.local/news/9,Portal,ops
2026-03-11 13:03:50,https://intra.local/news/10,Portal,ops
2026-03-11 13:04:01,https://intra.local/news/11,Portal,ops
2026-03-11 13:04:12,https://intra.local/news/12,Portal,ops
2026-03-11 13:04:23,https://intra.local/news/13,Portal,ops
2026-03-11 13:04:34,https://intra.local/news/14,Portal,ops
2026-03-11 13:04:45,https://intra.local/news/15,Portal,ops
2026-03-11 13:04:56,https://intra.local/news/16,Portal,ops
2026-03-11 13:05:07,https://intra.local/news/17,Portal,ops
2026-03-11 13:05:18,https://intra.local/news/18,Portal,ops
2026-03-11 13:05:29,https://intra.local/news/19,Portal,ops
2026-03-11 13:05:40,https://intra.local/news/20,Portal,ops
2026-03-11 13:05:51,https://intra.local/news/21,Portal,ops
2026-03-11 13:06:02,https://intra.local/news/22,Portal,ops
2026-03-11 13:06:13,https://intra.local/news/23,Portal,ops
2026-03-11 13:06:24,https://intra.local/news/24,Portal,ops
2026-03-11 13:06:35,https://intra.local/news/25,Portal,ops
2026-03-11 13:06:46,https://intra.local/news/26,Portal,ops
2026-03-11 13:06:57,https://intra.local/news/27,Portal,ops
2026-03-11 13:07:08,https://intra.local/news/28,Portal,ops
2026-03-11 13:07:19,https://intra.local/news/29,Portal,ops
2026-03-11 13:07:30,https://intra.local/news/30,Portal,ops
2026-03-11 13:07:41,https://intra.local/news/31,Portal,ops
2026-03-11 13:07:52,https://intra.local/news/32,Portal,ops
2026-03-11 13:08:03,https://intra.local/news/33,Portal,ops
2026-03-11 13:08:14,https://intra.local/news/34,Portal,ops
2026-03-11 13:08:25,https://intra.local/news/35,Portal,ops
2026-03-11 13:08:36,https://intra.local/news/36,Portal,ops
2026-03-11 13:08:47,https://intra.local/news/37,Portal,ops
2026-03-11 13:08:58,https://intra.local/news/38,Portal,ops
2026-03-11 13:09:09,https://intra.local/news/39,Portal,ops
2026-03-11 13:09:20,https://intra.local/news/0,Portal,ops
2026-03-11 13:09:31,https://intra.local/news/1,Portal,ops
2026-03-11 13:09:42,https://intra.local/news/2,Portal,ops
2026-03-11 13:09:53,https://intra.local/news/3,Portal,ops
2026-03-11 13:10:04,https://intra.local/news/4,Portal,ops
2026-03-11 13:10:15,https://intra.local/news/5,Portal,ops
2026-03-11 13:10:26,https://intra.local/news/6,Portal,ops
2026-03-11 13:10:37,https://intra.local/news/7,Portal,ops
2026-03-11 13:10:48,https://intra.local/news/8,Portal,ops
2026-03-11 13:10:59,https://intra.local/news/9,Portal,ops
2026-03-11 13:11:10,https://intra.local/news/10,Portal,ops
2026-03-11 13:11:21,https://intra.local/news/11,Portal,ops
2026-03-11 13:11:32,https://intra.local/news/12,Portal,ops
2026-03-11 13:11:43,https://intra.local/news/13,Portal,ops
2026-03-11 13:11:54,https://intra.local/news/14,Portal,ops
2026-03-11 13:12:05,https://intra.local/news/15,Portal,ops
2026-03-11 13:12:16,https://intra.local/news/16,Portal,ops
2026-03-11 13:12:27,https://intra.local/news/17,Portal,ops
2026-03-11 13:12:38,https://intra.local/news/18,Portal,ops
2026-03-11 13:12:49,https://intra.local/news/19,Portal,ops
2026-03-11 13:13:00,https://intra.local/news/20,Portal,ops
2026-03-11 13:13:11,https://intra.local/news/21,Portal,ops
2026-03-11 13:13:22,https://intra.local/news/22,Portal,ops
2026-03-11 13:13:33,https://intra.local/news/23,Portal,ops
2026-03-11 13:13:44,https://intra.local/news/24,Portal,ops
2026-03-11 13:13:55,https://intra.local/news/25,Portal,ops
2026-03-11 13:14:06,https://intra.local/news/26,Portal,ops
2026-03-11 13:14:17,https://intra.local/news/27,Portal,ops
2026-03-11 13:14:28,https://intra.local/news/28,Portal,ops
2026-03-11 13:14:39,https://intra.local/news/29,Portal,ops
2026-03-11 13:14:50,https://intra.local/news/30,Portal,ops
2026-03-11 13:15:01,https://intra.local/news/31,Portal,ops
2026-03-11 13:15:12,https://intra.local/news/32,Portal,ops
2026-03-11 13:15:23,https://intra.local/news/33,Portal,ops
2026-03-11 13:15:34,https://intra.local/news/34,Portal,ops
2026-03-11 13:15:45,https://intra.local/news/35,Portal,ops
2026-03-11 13:15:56,https://intra.local/news/36,Portal,ops
2026-03-11 13:16:07,https://intra.local/news/37,Portal,ops
2026-03-11 13:16:18,https://intra.local/news/38,Portal,ops
2026-03-11 13:16:29,https://intra.local/news/39,Portal,ops
2026-03-11 13:16:40,https://intra.local/news/0,Portal,ops
2026-03-11 13:16:51,https://intra.local/news/1,Portal,ops
2026-03-11 13:17:02,https://intra.local/news/2,Portal,ops
2026-03-11 13:17:13,https://intra.local/news/3,Portal,ops
2026-03-11 13:17:24,https://intra.local/news/4,Portal,ops
2026-03-11 13:17:35,https://intra.local/news/5,Portal,ops
2026-03-11 13:17:46,https://intra.local/news/6,Portal,ops
2026-03-11 13:17:57,https://intra.local/news/7,Portal,ops
2026-03-11 13:18:08,https://intra.local/news/8,Portal,ops
2026-03-11 13:18:19,https://intra.local/news/9,Portal,ops
2026-03-11 13:18:30,https://intra.local/news/10,Portal,ops
2026-03-11 13:18:41,https://intra.local/news/11,Portal,ops
2026-03-11 13:18:52,https://intra.local/news/12,Portal,ops
2026-03-11 13:19:03,https://intra.local/news/13,Portal,ops
2026-03-11 13:19:14,https://intra.local/news/14,Portal,ops
2026-03-11 13:19:25,https://intra.local/news/15,Portal,ops
2026-03-11 13:19:36,https://intra.local/news/16,Portal,ops
2026-03-11 13:19:47,https://intra.local/news/17,Portal,ops
2026-03-11 13:19:58,https://intra.local/news/18,Portal,ops
2026-03-11 13:20:09,https://intra.local/news/19,Portal,ops
2026-03-11 13:20:20,https://intra.local/news/20,Portal,ops
2026-03-11 13:20:31,https://intra.local/news/21,Portal,ops
2026-03-11 13:20:42,https://intra.local/news/22,Portal,ops
2026-03-11 13:20:53,https://intra.local/news/23,Portal,ops
2026-03-11 13:21:04,https://intra.local/news/24,Portal,ops
2026-03-11 13:21:15,https://intra.local/news/25,Portal,ops
2026-03-11 13:21:26,https://intra.local/news/26,Portal,ops
2026-03-11 13:21:37,https://intra.local/news/27,Portal,ops
2026-03-11 13:21:48,https://intra.local/news/28,Portal,ops
2026-03-11 13:21:59,https://intra.local/news/29,Portal,ops
2026-03-11 13:22:10,https://intra.local/news/30,Portal,ops
2026-03-11 13:22:21,https://intra.local/news/31,Portal,ops
2026-03-11 13:22:32,https://intra.local/news/32,Portal,ops
2026-03-11 13:22:43,https://intra.local/news/33,Portal,ops
2026-03-11 13:22:54,https://intra.local/news/34,Portal,ops
2026-03-11 13:23:05,https://intra.local/news/35,Portal,ops
2026-03-11 13:23:16,https://intra.local/news/36,Portal,ops
2026-03-11 13:23:27,https://intra.local/news/37,Portal,ops
2026-03-11 13:23:38,https://intra.local/news/38,Portal,ops
2026-03-11 13:23:49,https://intra.local/news/39,Portal,ops
2026-03-11 13:24:00,https://intra.local/news/0,Portal,ops
2026-03-11 13:24:11,https://intra.local/news/1,Portal,ops
2026-03-11 13:24:22,https://intra.local/news/2,Portal,ops
2026-03-11 13:24:33,https://intra.local/news/3,Portal,ops
2026-03-11 13:24:44,https://intra.local/news/4,Portal,ops
2026-03-11 13:24:55,https://intra.local/news/5,Portal,ops
2026-03-11 13:25:06,https://intra.local/news/6,Portal,ops
2026-03-11 13:25:17,https://intra.local/news/7,Portal,ops
2026-03-11 13:25:28,https://intra.local/news/8,Portal,ops
2026-03-11 13:25:39,https://intra.local/news/9,Portal,ops
2026-03-11 13:25:50,https://intra.local/news/10,Portal,ops
2026-03-11 13:26:01,https://intra.local/news/11,Portal,ops
2026-03-11 13:26:12,https://intra.local/news/12,Portal,ops
2026-03-11 13:26:23,https://intra.local/news/13,Portal,ops
2026-03-11 13:26:34,https://intra.local/news/14,Portal,ops
2026-03-11 13:26:45,https://intra.local/news/15,Portal,ops
2026-03-11 13:26:56,https://intra.local/news/16,Portal,ops
2026-03-11 13:27:07,https://intra.local/news/17,Portal,ops
2026-03-11 13:27:18,https://intra.local/news/18,Portal,ops
2026-03-11 13:27:29,https://intra.local/news/19,Portal,ops
2026-03-11 13:27:40,https://intra.local/news/20,Portal,ops
2026-03-11 13:27:51,https://intra.local/news/21,Portal,ops
2026-03-11 13:28:02,https://intra.local/news/22,Portal,ops
2026-03-11 13:28:13,https://intra.local/news/23,Portal,ops
2026-03-11 13:28:24,https://intra.local/news/24,Portal,ops
2026-03-11 13:28:35,https://intra.local/news/25,Portal,ops
2026-03-11 13:28:46,https://intra.local/news/26,Portal,ops
2026-03-11 13:28:57,https://intra.local/news/27,Portal,ops
2026-03-11 13:29:08,https://intra.local/news/28,Portal,ops
2026-03-11 13:29:19,https://intra.local/news/29,Portal,ops
2026-03-11 13:29:30,https://intra.local/news/30,Portal,ops
2026-03-11 13:29:41,https://intra.local/news/31,Portal,ops
2026-03-11 13:29:52,https://intra.local/news/32,Portal,ops
2026-03-11 13:30:03,https://intra.local/news/33,Portal,ops
2026-03-11 13:30:14,https://intra.local/news/34,Portal,ops
2026-03-11 13:30:25,https://intra.local/news/35,Portal,ops
2026-03-11 13:30:36,https://intra.local/news/36,Portal,ops
2026-03-11 13:30:47,https://intra.local/news/37,Portal,ops
2026-03-11 13:30:58,https://intra.local/news/38,Portal,ops
2026-03-11 13:31:09,https://intra.local/news/39,Portal,ops
2026-03-11 13:31:20,https://intra.local/news/0,Portal,ops
2026-03-11 13:31:31,https://intra.local/news/1,Portal,ops
2026-03-11 13:31:42,https://intra.local/news/2,Portal,ops
2026-03-11 13:31:53,https://intra.local/news/3,Portal,ops
2026-03-11 13:32:04,https://intra.local/news/4,Portal,ops
2026-03-11 13:32:15,https://intra.local/news/5,Portal,ops
2026-03-11 13:32:26,https://intra.local/news/6,Portal,ops
2026-03-11 13:32:37,https://intra.local/news/7,Portal,ops
2026-03-11 13:32:48,https://intra.local/news/8,Portal,ops
2026-03-11 13:32:59,https://intra.local/news/9,Portal,ops
2026-03-11 13:33:10,https://intra.local/news/10,Portal,ops
2026-03-11 13:33:21,https://intra.local/news/11,Portal,ops
2026-03-11 13:33:32,https://intra.local/news/12,Portal,ops
2026-03-11 13:33:43,https://intra.local/news/13,Portal,ops
2026-03-11 13:33:54,https://intra.local/news/14,Portal,ops
2026-03-11 13:34:05,https://intra.local/news/15,Portal,ops
2026-03-11 13:34:16,https://intra.local/news/16,Portal,ops
2026-03-11 13:34:27,https://intra.local/news/17,Portal,ops
2026-03-11 13:34:38,https://intra.local/news/18,Portal,ops
2026-03-11 13:34:49,https://intra.local/news/19,Portal,ops
2026-03-11 13:35:00,https://intra.local/news/20,Portal,ops
2026-03-11 13:35:11,https://intra.local/news/21,Portal,ops
2026-03-11 13:35:22,https://intra.local/news/22,Portal,ops
2026-03-11 13:35:33,https://intra.local/news/23,Portal,ops
2026-03-11 13:35:44,https://intra.local/news/24,Portal,ops
2026-03-11 13:35:55,https://intra.local/news/25,Portal,ops
2026-03-11 13:36:06,https://intra.local/news/26,Portal,ops
2026-03-11 13:36:17,https://intra.local/news/27,Portal,ops
2026-03-11 13:36:28,https://intra.local/news/28,Portal,ops
2026-03-11 13:36:39,https://intra.local/news/29,Portal,ops
2026-03-11 13:36:50,https://intra.local/news/30,Portal,ops
2026-03-11 13:37:01,https://intra.local/news/31,Portal,ops
2026-03-11 13:37:12,https://intra.local/news/32,Portal,ops
2026-03-11 13:37:23,https://intra.local/news/33,Portal,ops
2026-03-11 13:37:34,https://intra.local/news/34,Portal,ops
2026-03-11 13:37:45,https://intra.local/news/35,Portal,ops
2026-03-11 13:37:56,https://intra.local/news/36,Portal,ops
2026-03-11 13:38:07,https://intra.local/news/37,Portal,ops
2026-03-11 13:38:18,https://intra.local/news/38,Portal,ops
2026-03-11 13:38:29,https://intra.local/news/39,Portal,ops
2026-03-11 13:38:40,https://intra.local/news/0,Portal,ops
2026-03-11 13:38:51,https://intra.local/news/1,Portal,ops
2026-03-11 13:39:02,https://intra.local/news/2,Portal,ops
2026-03-11 13:39:13,https://intra.local/news/3,Portal,ops
2026-03-11 13:39:24,https://intra.local/news/4,Portal,ops
2026-03-11 13:39:35,https://intra.local/news/5,Portal,ops
2026-03-11 13:39:46,https://intra.local/news/6,Portal,ops
2026-03-11 13:39:57,https://intra.local/news/7,Portal,ops
2026-03-11 13:40:08,https://intra.local/news/8,Portal,ops
2026-03-11 13:40:19,https://intra.local/news/9,Portal,ops
2026-03-11 13:40:30,https://intra.local/news/10,Portal,ops
2026-03-11 13:40:41,https://intra.local/news/11,Portal,ops
2026-03-11 13:40:52,https://intra.local/news/12,Portal,ops
2026-03-11 13:41:03,https://intra.local/news/13,Portal,ops
2026-03-11 13:41:14,https://intra.local/news/14,Portal,ops
2026-03-11 13:41:25,https://intra.local/news/15,Portal,ops
2026-03-11 13:41:36,https://intra.local/news/16,Portal,ops
2026-03-11 13:41:47,https://intra.local/news/17,Portal,ops
2026-03-11 13:41:58,https://intra.local/news/18,Portal,ops
2026-03-11 13:42:09,https://intra.local/news/19,Portal,ops
2026-03-11 13:42:20,https://intra.local/news/20,Portal,ops
2026-03-11 13:42:31,https://intra.local/news/21,Portal,ops
2026-03-11 13:42:42,https://intra.local/news/22,Portal,ops
2026-03-11 13:42:53,https://intra.local/news/23,Portal,ops
2026-03-11 13:43:04,https://intra.local/news/24,Portal,ops
2026-03-11 13:43:15,https://intra.local/news/25,Portal,ops
2026-03-11 13:43:26,https://intra.local/news/26,Portal,ops
2026-03-11 13:43:37,https://intra.local/news/27,Portal,ops
2026-03-11 13:43:48,https://intra.local/news/28,Portal,ops
2026-03-11 13:43:59,https://intra.local/news/29,Portal,ops
2026-03-11 13:44:10,https://intra.local/news/30,Portal,ops
2026-03-11 13:44:21,https://intra.local/news/31,Portal,ops
2026-03-11 13:44:32,https://intra.local/news/32,Portal,ops
2026-03-11 13:44:43,https://intra.local/news/33,Portal,ops
2026-03-11 13:44:54,https://intra.local/news/34,Portal,ops
2026-03-11 13:45:05,https://intra.local/news/35,Portal,ops
2026-03-11 13:45:16,https://intra.local/news/36,Portal,ops
2026-03-11 13:45:27,https://intra.local/news/37,Portal,ops
2026-03-11 13:45:38,https://intra.local/news/38,Portal,ops
2026-03-11 13:45:49,https://intra.local/news/39,Portal,ops
2026-03-11 13:46:00,https://intra.local/news/0,Portal,ops
2026-03-11 13:46:11,https://intra.local/news/1,Portal,ops
2026-03-11 13:46:22,https://intra.local/news/2,Portal,ops
2026-03-11 13:46:33,https://intra.local/news/3,Portal,ops
2026-03-11 13:46:44,https://intra.local/news/4,Portal,ops
2026-03-11 13:46:55,https://intra.local/news/5,Portal,ops
2026-03-11 13:47:06,https://intra.local/news/6,Portal,ops
2026-03-11 13:47:17,https://intra.local/news/7,Portal,ops
2026-03-11 13:47:28,https://intra.local/news/8,Portal,ops
2026-03-11 13:47:39,https://intra.local/news/9,Portal,ops
2026-03-11 13:47:50,https://intra.local/news/10,Portal,ops
2026-03-11 13:48:01,https://intra.local/news/11,Portal,ops
2026-03-11 13:48:12,https://intra.local/news/12,Portal,ops
2026-03-11 13:48:23,https://intra.local/news/13,Portal,ops
2026-03-11 13:48:34,https://intra.local/news/14,Portal,ops
2026-03-11 13:48:45,https://intra.local/news/15,Portal,ops
2026-03-11 13:48:56,https://intra.local/news/16,Portal,ops
2026-03-11 13:49:07,https://intra.local/news/17,Portal,ops
2026-03-11 13:49:18,https://intra.local/news/18,Portal,ops
2026-03-11 13:49:29,https://intra.local/news/19,Portal,ops
2026-03-11 13:49:40,https://intra.local/news/20,Portal,ops
2026-03-11 13:49:51,https://intra.local/news/21,Portal,ops
2026-03-11 13:50:02,https://intra.local/news/22,Portal,ops
2026-03-11 13:50:13,https://intra.local/news/23,Portal,ops
2026-03-11 13:50:24,https://intra.local/news/24,Portal,ops
2026-03-11 13:50:35,https://intra.local/news/25,Portal,ops
2026-03-11 13:50:46,https://intra.local/news/26,Portal,ops
2026-03-11 13:50:57,https://intra.local/news/27,Portal,ops
2026-03-11 13:51:08,https://intra.local/news/28,Portal,ops
2026-03-11 13:51:19,https://intra.local/news/29,Portal,ops
2026-03-11 13:51:30,https://intra.local/news/30,Portal,ops
2026-03-11 13:51:41,https://intra.local/news/31,Portal,ops
2026-03-11 13:51:52,https://intra.local/news/32,Portal,ops
2026-03-11 13:52:03,https://intra.local/news/33,Portal,ops
2026-03-11 13:52:14,https://intra.local/news/34,Portal,ops
2026-03-11 13:52:25,https://intra.local/news/35,Portal,ops
2026-03-11 13:52:36,https://intra.local/news/36,Portal,ops
2026-03-11 13:52:47,https://intra.local/news/37,Portal,ops
2026-03-11 13:52:58,https://intra.local/news/38,Portal,ops
2026-03-11 13:53:09,https://intra.local/news/39,Portal,ops
2026-03-12 21:12:58,https://wiki.local/ir/7741,IR Runbook,mustafa
2026-03-12 21:13:31,https://wiki.local/storage/usb-labels,USB Label Policy,mustafa
